<?xml version="1.0" encoding="UTF-8" ?>
<!-- This is a WordPress eXtended RSS file generated by WordPress as an export of your site. -->
<!-- It contains information about your site's posts, pages, comments, categories, and other content. -->
<!-- You may use this file to transfer that content from one site to another. -->
<!-- This file is not intended to serve as a complete backup of your site. -->

<!-- To import this information into a WordPress site follow these steps: -->
<!-- 1. Log in to that site as an administrator. -->
<!-- 2. Go to Tools: Import in the WordPress admin panel. -->
<!-- 3. Install the "WordPress" importer from the list. -->
<!-- 4. Activate & Run Importer. -->
<!-- 5. Upload this file using the form provided on that page. -->
<!-- 6. You will first be asked to map the authors in this export file to users -->
<!--    on the site. For each author, you may choose to map to an -->
<!--    existing user on the site or to create a new user. -->
<!-- 7. WordPress will then import each of the posts, pages, comments, categories, etc. -->
<!--    contained in this file into your site. -->

<!-- generator="WordPress/4.8.1" created="2017-09-13 07:30" -->
<rss version="2.0"
	xmlns:excerpt="http://wordpress.org/export/1.2/excerpt/"
	xmlns:content="http://purl.org/rss/1.0/modules/content/"
	xmlns:wfw="http://wellformedweb.org/CommentAPI/"
	xmlns:dc="http://purl.org/dc/elements/1.1/"
	xmlns:wp="http://wordpress.org/export/1.2/"
>

<channel>
	<title>Best Business</title>
	<link>https://demo.axlethemes.com/best-business</link>
	<description>Business / Corporate Theme</description>
	<pubDate>Wed, 13 Sep 2017 07:30:43 +0000</pubDate>
	<language>en-US</language>
	<wp:wxr_version>1.2</wp:wxr_version>
	<wp:base_site_url>http://demo.axlethemes.com/</wp:base_site_url>
	<wp:base_blog_url>https://demo.axlethemes.com/best-business</wp:base_blog_url>

	<wp:author><wp:author_id>1</wp:author_id><wp:author_login><![CDATA[atsupervisor]]></wp:author_login><wp:author_email><![CDATA[axlethemes@gmail.com]]></wp:author_email><wp:author_display_name><![CDATA[atsupervisor]]></wp:author_display_name><wp:author_first_name><![CDATA[]]></wp:author_first_name><wp:author_last_name><![CDATA[]]></wp:author_last_name></wp:author>

	<wp:category>
		<wp:term_id>2</wp:term_id>
		<wp:category_nicename><![CDATA[latest-news]]></wp:category_nicename>
		<wp:category_parent><![CDATA[]]></wp:category_parent>
		<wp:cat_name><![CDATA[Latest News]]></wp:cat_name>
	</wp:category>
	<wp:category>
		<wp:term_id>3</wp:term_id>
		<wp:category_nicename><![CDATA[our-team]]></wp:category_nicename>
		<wp:category_parent><![CDATA[]]></wp:category_parent>
		<wp:cat_name><![CDATA[Our Team]]></wp:cat_name>
	</wp:category>
	<wp:category>
		<wp:term_id>13</wp:term_id>
		<wp:category_nicename><![CDATA[popular-news]]></wp:category_nicename>
		<wp:category_parent><![CDATA[]]></wp:category_parent>
		<wp:cat_name><![CDATA[Popular News]]></wp:cat_name>
	</wp:category>
	<wp:category>
		<wp:term_id>1</wp:term_id>
		<wp:category_nicename><![CDATA[uncategorized]]></wp:category_nicename>
		<wp:category_parent><![CDATA[]]></wp:category_parent>
		<wp:cat_name><![CDATA[Uncategorized]]></wp:cat_name>
	</wp:category>
	<wp:term>
		<wp:term_id><![CDATA[19]]></wp:term_id>
		<wp:term_taxonomy><![CDATA[product_visibility]]></wp:term_taxonomy>
		<wp:term_slug><![CDATA[exclude-from-catalog]]></wp:term_slug>
		<wp:term_parent><![CDATA[]]></wp:term_parent>
		<wp:term_name><![CDATA[exclude-from-catalog]]></wp:term_name>
	</wp:term>
	<wp:term>
		<wp:term_id><![CDATA[18]]></wp:term_id>
		<wp:term_taxonomy><![CDATA[product_visibility]]></wp:term_taxonomy>
		<wp:term_slug><![CDATA[exclude-from-search]]></wp:term_slug>
		<wp:term_parent><![CDATA[]]></wp:term_parent>
		<wp:term_name><![CDATA[exclude-from-search]]></wp:term_name>
	</wp:term>
	<wp:term>
		<wp:term_id><![CDATA[17]]></wp:term_id>
		<wp:term_taxonomy><![CDATA[product_type]]></wp:term_taxonomy>
		<wp:term_slug><![CDATA[external]]></wp:term_slug>
		<wp:term_parent><![CDATA[]]></wp:term_parent>
		<wp:term_name><![CDATA[external]]></wp:term_name>
	</wp:term>
	<wp:term>
		<wp:term_id><![CDATA[20]]></wp:term_id>
		<wp:term_taxonomy><![CDATA[product_visibility]]></wp:term_taxonomy>
		<wp:term_slug><![CDATA[featured]]></wp:term_slug>
		<wp:term_parent><![CDATA[]]></wp:term_parent>
		<wp:term_name><![CDATA[featured]]></wp:term_name>
	</wp:term>
	<wp:term>
		<wp:term_id><![CDATA[15]]></wp:term_id>
		<wp:term_taxonomy><![CDATA[product_type]]></wp:term_taxonomy>
		<wp:term_slug><![CDATA[grouped]]></wp:term_slug>
		<wp:term_parent><![CDATA[]]></wp:term_parent>
		<wp:term_name><![CDATA[grouped]]></wp:term_name>
	</wp:term>
	<wp:term>
		<wp:term_id><![CDATA[2]]></wp:term_id>
		<wp:term_taxonomy><![CDATA[category]]></wp:term_taxonomy>
		<wp:term_slug><![CDATA[latest-news]]></wp:term_slug>
		<wp:term_parent><![CDATA[]]></wp:term_parent>
		<wp:term_name><![CDATA[Latest News]]></wp:term_name>
	</wp:term>
	<wp:term>
		<wp:term_id><![CDATA[9]]></wp:term_id>
		<wp:term_taxonomy><![CDATA[nav_menu]]></wp:term_taxonomy>
		<wp:term_slug><![CDATA[main-menu]]></wp:term_slug>
		<wp:term_parent><![CDATA[]]></wp:term_parent>
		<wp:term_name><![CDATA[Main Menu]]></wp:term_name>
	</wp:term>
	<wp:term>
		<wp:term_id><![CDATA[3]]></wp:term_id>
		<wp:term_taxonomy><![CDATA[category]]></wp:term_taxonomy>
		<wp:term_slug><![CDATA[our-team]]></wp:term_slug>
		<wp:term_parent><![CDATA[]]></wp:term_parent>
		<wp:term_name><![CDATA[Our Team]]></wp:term_name>
	</wp:term>
	<wp:term>
		<wp:term_id><![CDATA[21]]></wp:term_id>
		<wp:term_taxonomy><![CDATA[product_visibility]]></wp:term_taxonomy>
		<wp:term_slug><![CDATA[outofstock]]></wp:term_slug>
		<wp:term_parent><![CDATA[]]></wp:term_parent>
		<wp:term_name><![CDATA[outofstock]]></wp:term_name>
	</wp:term>
	<wp:term>
		<wp:term_id><![CDATA[13]]></wp:term_id>
		<wp:term_taxonomy><![CDATA[category]]></wp:term_taxonomy>
		<wp:term_slug><![CDATA[popular-news]]></wp:term_slug>
		<wp:term_parent><![CDATA[]]></wp:term_parent>
		<wp:term_name><![CDATA[Popular News]]></wp:term_name>
	</wp:term>
	<wp:term>
		<wp:term_id><![CDATA[22]]></wp:term_id>
		<wp:term_taxonomy><![CDATA[product_visibility]]></wp:term_taxonomy>
		<wp:term_slug><![CDATA[rated-1]]></wp:term_slug>
		<wp:term_parent><![CDATA[]]></wp:term_parent>
		<wp:term_name><![CDATA[rated-1]]></wp:term_name>
	</wp:term>
	<wp:term>
		<wp:term_id><![CDATA[23]]></wp:term_id>
		<wp:term_taxonomy><![CDATA[product_visibility]]></wp:term_taxonomy>
		<wp:term_slug><![CDATA[rated-2]]></wp:term_slug>
		<wp:term_parent><![CDATA[]]></wp:term_parent>
		<wp:term_name><![CDATA[rated-2]]></wp:term_name>
	</wp:term>
	<wp:term>
		<wp:term_id><![CDATA[24]]></wp:term_id>
		<wp:term_taxonomy><![CDATA[product_visibility]]></wp:term_taxonomy>
		<wp:term_slug><![CDATA[rated-3]]></wp:term_slug>
		<wp:term_parent><![CDATA[]]></wp:term_parent>
		<wp:term_name><![CDATA[rated-3]]></wp:term_name>
	</wp:term>
	<wp:term>
		<wp:term_id><![CDATA[25]]></wp:term_id>
		<wp:term_taxonomy><![CDATA[product_visibility]]></wp:term_taxonomy>
		<wp:term_slug><![CDATA[rated-4]]></wp:term_slug>
		<wp:term_parent><![CDATA[]]></wp:term_parent>
		<wp:term_name><![CDATA[rated-4]]></wp:term_name>
	</wp:term>
	<wp:term>
		<wp:term_id><![CDATA[26]]></wp:term_id>
		<wp:term_taxonomy><![CDATA[product_visibility]]></wp:term_taxonomy>
		<wp:term_slug><![CDATA[rated-5]]></wp:term_slug>
		<wp:term_parent><![CDATA[]]></wp:term_parent>
		<wp:term_name><![CDATA[rated-5]]></wp:term_name>
	</wp:term>
	<wp:term>
		<wp:term_id><![CDATA[14]]></wp:term_id>
		<wp:term_taxonomy><![CDATA[product_type]]></wp:term_taxonomy>
		<wp:term_slug><![CDATA[simple]]></wp:term_slug>
		<wp:term_parent><![CDATA[]]></wp:term_parent>
		<wp:term_name><![CDATA[simple]]></wp:term_name>
	</wp:term>
	<wp:term>
		<wp:term_id><![CDATA[11]]></wp:term_id>
		<wp:term_taxonomy><![CDATA[nav_menu]]></wp:term_taxonomy>
		<wp:term_slug><![CDATA[social-menu]]></wp:term_slug>
		<wp:term_parent><![CDATA[]]></wp:term_parent>
		<wp:term_name><![CDATA[Social Menu]]></wp:term_name>
	</wp:term>
	<wp:term>
		<wp:term_id><![CDATA[10]]></wp:term_id>
		<wp:term_taxonomy><![CDATA[nav_menu]]></wp:term_taxonomy>
		<wp:term_slug><![CDATA[top-menu]]></wp:term_slug>
		<wp:term_parent><![CDATA[]]></wp:term_parent>
		<wp:term_name><![CDATA[Top Menu]]></wp:term_name>
	</wp:term>
	<wp:term>
		<wp:term_id><![CDATA[1]]></wp:term_id>
		<wp:term_taxonomy><![CDATA[category]]></wp:term_taxonomy>
		<wp:term_slug><![CDATA[uncategorized]]></wp:term_slug>
		<wp:term_parent><![CDATA[]]></wp:term_parent>
		<wp:term_name><![CDATA[Uncategorized]]></wp:term_name>
	</wp:term>
	<wp:term>
		<wp:term_id><![CDATA[16]]></wp:term_id>
		<wp:term_taxonomy><![CDATA[product_type]]></wp:term_taxonomy>
		<wp:term_slug><![CDATA[variable]]></wp:term_slug>
		<wp:term_parent><![CDATA[]]></wp:term_parent>
		<wp:term_name><![CDATA[variable]]></wp:term_name>
	</wp:term>
	<wp:term><wp:term_id>9</wp:term_id><wp:term_taxonomy>nav_menu</wp:term_taxonomy><wp:term_slug><![CDATA[main-menu]]></wp:term_slug><wp:term_name><![CDATA[Main Menu]]></wp:term_name>
</wp:term>
	<wp:term><wp:term_id>11</wp:term_id><wp:term_taxonomy>nav_menu</wp:term_taxonomy><wp:term_slug><![CDATA[social-menu]]></wp:term_slug><wp:term_name><![CDATA[Social Menu]]></wp:term_name>
</wp:term>
	<wp:term><wp:term_id>10</wp:term_id><wp:term_taxonomy>nav_menu</wp:term_taxonomy><wp:term_slug><![CDATA[top-menu]]></wp:term_slug><wp:term_name><![CDATA[Top Menu]]></wp:term_name>
</wp:term>

	<generator>https://wordpress.org/?v=4.8.1</generator>

	<item>
		<title>slide1</title>
		<link>https://demo.axlethemes.com/best-business/slide1/</link>
		<pubDate>Wed, 16 Aug 2017 10:05:09 +0000</pubDate>
		<dc:creator><![CDATA[atsupervisor]]></dc:creator>
		<guid isPermaLink="false">https://demo.axlethemes.com/best-business/wp-content/uploads/sites/12/2017/08/slide1.jpg</guid>
		<description></description>
		<content:encoded><![CDATA[]]></content:encoded>
		<excerpt:encoded><![CDATA[]]></excerpt:encoded>
		<wp:post_id>61</wp:post_id>
		<wp:post_date><![CDATA[2017-08-16 10:05:09]]></wp:post_date>
		<wp:post_date_gmt><![CDATA[2017-08-16 10:05:09]]></wp:post_date_gmt>
		<wp:comment_status><![CDATA[open]]></wp:comment_status>
		<wp:ping_status><![CDATA[closed]]></wp:ping_status>
		<wp:post_name><![CDATA[slide1]]></wp:post_name>
		<wp:status><![CDATA[inherit]]></wp:status>
		<wp:post_parent>0</wp:post_parent>
		<wp:menu_order>0</wp:menu_order>
		<wp:post_type><![CDATA[attachment]]></wp:post_type>
		<wp:post_password><![CDATA[]]></wp:post_password>
		<wp:is_sticky>0</wp:is_sticky>
		<wp:attachment_url><![CDATA[https://demo.axlethemes.com/best-business/wp-content/uploads/sites/12/2017/08/slide1.jpg]]></wp:attachment_url>
		<wp:postmeta>
			<wp:meta_key><![CDATA[_wp_attached_file]]></wp:meta_key>
			<wp:meta_value><![CDATA[2017/08/slide1.jpg]]></wp:meta_value>
		</wp:postmeta>
		<wp:postmeta>
			<wp:meta_key><![CDATA[_wp_attachment_metadata]]></wp:meta_key>
			<wp:meta_value><![CDATA[a:5:{s:5:"width";i:1920;s:6:"height";i:850;s:4:"file";s:18:"2017/08/slide1.jpg";s:5:"sizes";a:5:{s:9:"thumbnail";a:4:{s:4:"file";s:18:"slide1-150x150.jpg";s:5:"width";i:150;s:6:"height";i:150;s:9:"mime-type";s:10:"image/jpeg";}s:6:"medium";a:4:{s:4:"file";s:18:"slide1-300x133.jpg";s:5:"width";i:300;s:6:"height";i:133;s:9:"mime-type";s:10:"image/jpeg";}s:12:"medium_large";a:4:{s:4:"file";s:18:"slide1-768x340.jpg";s:5:"width";i:768;s:6:"height";i:340;s:9:"mime-type";s:10:"image/jpeg";}s:5:"large";a:4:{s:4:"file";s:19:"slide1-1024x453.jpg";s:5:"width";i:1024;s:6:"height";i:453;s:9:"mime-type";s:10:"image/jpeg";}s:19:"best-business-thumb";a:4:{s:4:"file";s:18:"slide1-360x159.jpg";s:5:"width";i:360;s:6:"height";i:159;s:9:"mime-type";s:10:"image/jpeg";}}s:10:"image_meta";a:12:{s:8:"aperture";s:1:"0";s:6:"credit";s:0:"";s:6:"camera";s:0:"";s:7:"caption";s:0:"";s:17:"created_timestamp";s:1:"0";s:9:"copyright";s:0:"";s:12:"focal_length";s:1:"0";s:3:"iso";s:1:"0";s:13:"shutter_speed";s:1:"0";s:5:"title";s:0:"";s:11:"orientation";s:1:"0";s:8:"keywords";a:0:{}}}]]></wp:meta_value>
		</wp:postmeta>
	</item>
	<item>
		<title>slide2</title>
		<link>https://demo.axlethemes.com/best-business/slide2/</link>
		<pubDate>Wed, 16 Aug 2017 10:05:11 +0000</pubDate>
		<dc:creator><![CDATA[atsupervisor]]></dc:creator>
		<guid isPermaLink="false">https://demo.axlethemes.com/best-business/wp-content/uploads/sites/12/2017/08/slide2.jpg</guid>
		<description></description>
		<content:encoded><![CDATA[]]></content:encoded>
		<excerpt:encoded><![CDATA[]]></excerpt:encoded>
		<wp:post_id>62</wp:post_id>
		<wp:post_date><![CDATA[2017-08-16 10:05:11]]></wp:post_date>
		<wp:post_date_gmt><![CDATA[2017-08-16 10:05:11]]></wp:post_date_gmt>
		<wp:comment_status><![CDATA[open]]></wp:comment_status>
		<wp:ping_status><![CDATA[closed]]></wp:ping_status>
		<wp:post_name><![CDATA[slide2]]></wp:post_name>
		<wp:status><![CDATA[inherit]]></wp:status>
		<wp:post_parent>0</wp:post_parent>
		<wp:menu_order>0</wp:menu_order>
		<wp:post_type><![CDATA[attachment]]></wp:post_type>
		<wp:post_password><![CDATA[]]></wp:post_password>
		<wp:is_sticky>0</wp:is_sticky>
		<wp:attachment_url><![CDATA[https://demo.axlethemes.com/best-business/wp-content/uploads/sites/12/2017/08/slide2.jpg]]></wp:attachment_url>
		<wp:postmeta>
			<wp:meta_key><![CDATA[_wp_attached_file]]></wp:meta_key>
			<wp:meta_value><![CDATA[2017/08/slide2.jpg]]></wp:meta_value>
		</wp:postmeta>
		<wp:postmeta>
			<wp:meta_key><![CDATA[_wp_attachment_metadata]]></wp:meta_key>
			<wp:meta_value><![CDATA[a:5:{s:5:"width";i:1920;s:6:"height";i:850;s:4:"file";s:18:"2017/08/slide2.jpg";s:5:"sizes";a:5:{s:9:"thumbnail";a:4:{s:4:"file";s:18:"slide2-150x150.jpg";s:5:"width";i:150;s:6:"height";i:150;s:9:"mime-type";s:10:"image/jpeg";}s:6:"medium";a:4:{s:4:"file";s:18:"slide2-300x133.jpg";s:5:"width";i:300;s:6:"height";i:133;s:9:"mime-type";s:10:"image/jpeg";}s:12:"medium_large";a:4:{s:4:"file";s:18:"slide2-768x340.jpg";s:5:"width";i:768;s:6:"height";i:340;s:9:"mime-type";s:10:"image/jpeg";}s:5:"large";a:4:{s:4:"file";s:19:"slide2-1024x453.jpg";s:5:"width";i:1024;s:6:"height";i:453;s:9:"mime-type";s:10:"image/jpeg";}s:19:"best-business-thumb";a:4:{s:4:"file";s:18:"slide2-360x159.jpg";s:5:"width";i:360;s:6:"height";i:159;s:9:"mime-type";s:10:"image/jpeg";}}s:10:"image_meta";a:12:{s:8:"aperture";s:1:"0";s:6:"credit";s:0:"";s:6:"camera";s:0:"";s:7:"caption";s:0:"";s:17:"created_timestamp";s:1:"0";s:9:"copyright";s:0:"";s:12:"focal_length";s:1:"0";s:3:"iso";s:1:"0";s:13:"shutter_speed";s:1:"0";s:5:"title";s:0:"";s:11:"orientation";s:1:"0";s:8:"keywords";a:0:{}}}]]></wp:meta_value>
		</wp:postmeta>
	</item>
	<item>
		<title>adult-1868003_1920</title>
		<link>https://demo.axlethemes.com/best-business/adult-1868003_1920/</link>
		<pubDate>Sun, 05 Feb 2017 08:14:53 +0000</pubDate>
		<dc:creator><![CDATA[atsupervisor]]></dc:creator>
		<guid isPermaLink="false">https://demo.axlethemes.com/best-business/wp-content/uploads/sites/12/2017/02/adult-1868003_1920.jpg</guid>
		<description></description>
		<content:encoded><![CDATA[]]></content:encoded>
		<excerpt:encoded><![CDATA[]]></excerpt:encoded>
		<wp:post_id>67</wp:post_id>
		<wp:post_date><![CDATA[2017-02-05 08:14:53]]></wp:post_date>
		<wp:post_date_gmt><![CDATA[2017-02-05 08:14:53]]></wp:post_date_gmt>
		<wp:comment_status><![CDATA[open]]></wp:comment_status>
		<wp:ping_status><![CDATA[closed]]></wp:ping_status>
		<wp:post_name><![CDATA[adult-1868003_1920]]></wp:post_name>
		<wp:status><![CDATA[inherit]]></wp:status>
		<wp:post_parent>0</wp:post_parent>
		<wp:menu_order>0</wp:menu_order>
		<wp:post_type><![CDATA[attachment]]></wp:post_type>
		<wp:post_password><![CDATA[]]></wp:post_password>
		<wp:is_sticky>0</wp:is_sticky>
		<wp:attachment_url><![CDATA[https://demo.axlethemes.com/best-business/wp-content/uploads/sites/12/2017/02/adult-1868003_1920.jpg]]></wp:attachment_url>
		<wp:postmeta>
			<wp:meta_key><![CDATA[_wp_attached_file]]></wp:meta_key>
			<wp:meta_value><![CDATA[2017/02/adult-1868003_1920.jpg]]></wp:meta_value>
		</wp:postmeta>
		<wp:postmeta>
			<wp:meta_key><![CDATA[_wp_attachment_metadata]]></wp:meta_key>
			<wp:meta_value><![CDATA[a:5:{s:5:"width";i:1920;s:6:"height";i:1280;s:4:"file";s:30:"2017/02/adult-1868003_1920.jpg";s:5:"sizes";a:5:{s:9:"thumbnail";a:4:{s:4:"file";s:30:"adult-1868003_1920-150x150.jpg";s:5:"width";i:150;s:6:"height";i:150;s:9:"mime-type";s:10:"image/jpeg";}s:6:"medium";a:4:{s:4:"file";s:30:"adult-1868003_1920-300x200.jpg";s:5:"width";i:300;s:6:"height";i:200;s:9:"mime-type";s:10:"image/jpeg";}s:12:"medium_large";a:4:{s:4:"file";s:30:"adult-1868003_1920-768x512.jpg";s:5:"width";i:768;s:6:"height";i:512;s:9:"mime-type";s:10:"image/jpeg";}s:5:"large";a:4:{s:4:"file";s:31:"adult-1868003_1920-1024x683.jpg";s:5:"width";i:1024;s:6:"height";i:683;s:9:"mime-type";s:10:"image/jpeg";}s:19:"best-business-thumb";a:4:{s:4:"file";s:30:"adult-1868003_1920-360x240.jpg";s:5:"width";i:360;s:6:"height";i:240;s:9:"mime-type";s:10:"image/jpeg";}}s:10:"image_meta";a:12:{s:8:"aperture";s:1:"0";s:6:"credit";s:0:"";s:6:"camera";s:0:"";s:7:"caption";s:0:"";s:17:"created_timestamp";s:1:"0";s:9:"copyright";s:0:"";s:12:"focal_length";s:1:"0";s:3:"iso";s:1:"0";s:13:"shutter_speed";s:1:"0";s:5:"title";s:0:"";s:11:"orientation";s:1:"0";s:8:"keywords";a:0:{}}}]]></wp:meta_value>
		</wp:postmeta>
	</item>
	<item>
		<title>img5</title>
		<link>https://demo.axlethemes.com/best-business/img5/</link>
		<pubDate>Wed, 16 Aug 2017 10:31:34 +0000</pubDate>
		<dc:creator><![CDATA[atsupervisor]]></dc:creator>
		<guid isPermaLink="false">https://demo.axlethemes.com/best-business/wp-content/uploads/sites/12/2017/02/img5.jpg</guid>
		<description></description>
		<content:encoded><![CDATA[]]></content:encoded>
		<excerpt:encoded><![CDATA[]]></excerpt:encoded>
		<wp:post_id>115</wp:post_id>
		<wp:post_date><![CDATA[2017-08-16 10:31:34]]></wp:post_date>
		<wp:post_date_gmt><![CDATA[2017-08-16 10:31:34]]></wp:post_date_gmt>
		<wp:comment_status><![CDATA[open]]></wp:comment_status>
		<wp:ping_status><![CDATA[closed]]></wp:ping_status>
		<wp:post_name><![CDATA[img5]]></wp:post_name>
		<wp:status><![CDATA[inherit]]></wp:status>
		<wp:post_parent>0</wp:post_parent>
		<wp:menu_order>0</wp:menu_order>
		<wp:post_type><![CDATA[attachment]]></wp:post_type>
		<wp:post_password><![CDATA[]]></wp:post_password>
		<wp:is_sticky>0</wp:is_sticky>
		<wp:attachment_url><![CDATA[https://demo.axlethemes.com/best-business/wp-content/uploads/sites/12/2017/02/img5.jpg]]></wp:attachment_url>
		<wp:postmeta>
			<wp:meta_key><![CDATA[_wp_attached_file]]></wp:meta_key>
			<wp:meta_value><![CDATA[2017/02/img5.jpg]]></wp:meta_value>
		</wp:postmeta>
		<wp:postmeta>
			<wp:meta_key><![CDATA[_wp_attachment_metadata]]></wp:meta_key>
			<wp:meta_value><![CDATA[a:5:{s:5:"width";i:700;s:6:"height";i:467;s:4:"file";s:16:"2017/02/img5.jpg";s:5:"sizes";a:3:{s:9:"thumbnail";a:4:{s:4:"file";s:16:"img5-150x150.jpg";s:5:"width";i:150;s:6:"height";i:150;s:9:"mime-type";s:10:"image/jpeg";}s:6:"medium";a:4:{s:4:"file";s:16:"img5-300x200.jpg";s:5:"width";i:300;s:6:"height";i:200;s:9:"mime-type";s:10:"image/jpeg";}s:19:"best-business-thumb";a:4:{s:4:"file";s:16:"img5-360x240.jpg";s:5:"width";i:360;s:6:"height";i:240;s:9:"mime-type";s:10:"image/jpeg";}}s:10:"image_meta";a:12:{s:8:"aperture";s:1:"0";s:6:"credit";s:0:"";s:6:"camera";s:0:"";s:7:"caption";s:0:"";s:17:"created_timestamp";s:1:"0";s:9:"copyright";s:13:"Elena Guillen";s:12:"focal_length";s:1:"0";s:3:"iso";s:1:"0";s:13:"shutter_speed";s:1:"0";s:5:"title";s:0:"";s:11:"orientation";s:1:"0";s:8:"keywords";a:0:{}}}]]></wp:meta_value>
		</wp:postmeta>
	</item>
	<item>
		<title>calculator-178127_1280</title>
		<link>https://demo.axlethemes.com/best-business/calculator-178127_1280/</link>
		<pubDate>Wed, 16 Aug 2017 10:54:08 +0000</pubDate>
		<dc:creator><![CDATA[atsupervisor]]></dc:creator>
		<guid isPermaLink="false">https://demo.axlethemes.com/best-business/wp-content/uploads/sites/12/2017/08/calculator-178127_1280.jpg</guid>
		<description></description>
		<content:encoded><![CDATA[]]></content:encoded>
		<excerpt:encoded><![CDATA[]]></excerpt:encoded>
		<wp:post_id>132</wp:post_id>
		<wp:post_date><![CDATA[2017-08-16 10:54:08]]></wp:post_date>
		<wp:post_date_gmt><![CDATA[2017-08-16 10:54:08]]></wp:post_date_gmt>
		<wp:comment_status><![CDATA[open]]></wp:comment_status>
		<wp:ping_status><![CDATA[closed]]></wp:ping_status>
		<wp:post_name><![CDATA[calculator-178127_1280]]></wp:post_name>
		<wp:status><![CDATA[inherit]]></wp:status>
		<wp:post_parent>0</wp:post_parent>
		<wp:menu_order>0</wp:menu_order>
		<wp:post_type><![CDATA[attachment]]></wp:post_type>
		<wp:post_password><![CDATA[]]></wp:post_password>
		<wp:is_sticky>0</wp:is_sticky>
		<wp:attachment_url><![CDATA[https://demo.axlethemes.com/best-business/wp-content/uploads/sites/12/2017/08/calculator-178127_1280.jpg]]></wp:attachment_url>
		<wp:postmeta>
			<wp:meta_key><![CDATA[_wp_attached_file]]></wp:meta_key>
			<wp:meta_value><![CDATA[2017/08/calculator-178127_1280.jpg]]></wp:meta_value>
		</wp:postmeta>
		<wp:postmeta>
			<wp:meta_key><![CDATA[_wp_attachment_metadata]]></wp:meta_key>
			<wp:meta_value><![CDATA[a:5:{s:5:"width";i:1280;s:6:"height";i:853;s:4:"file";s:34:"2017/08/calculator-178127_1280.jpg";s:5:"sizes";a:5:{s:9:"thumbnail";a:4:{s:4:"file";s:34:"calculator-178127_1280-150x150.jpg";s:5:"width";i:150;s:6:"height";i:150;s:9:"mime-type";s:10:"image/jpeg";}s:6:"medium";a:4:{s:4:"file";s:34:"calculator-178127_1280-300x200.jpg";s:5:"width";i:300;s:6:"height";i:200;s:9:"mime-type";s:10:"image/jpeg";}s:12:"medium_large";a:4:{s:4:"file";s:34:"calculator-178127_1280-768x512.jpg";s:5:"width";i:768;s:6:"height";i:512;s:9:"mime-type";s:10:"image/jpeg";}s:5:"large";a:4:{s:4:"file";s:35:"calculator-178127_1280-1024x682.jpg";s:5:"width";i:1024;s:6:"height";i:682;s:9:"mime-type";s:10:"image/jpeg";}s:19:"best-business-thumb";a:4:{s:4:"file";s:34:"calculator-178127_1280-360x240.jpg";s:5:"width";i:360;s:6:"height";i:240;s:9:"mime-type";s:10:"image/jpeg";}}s:10:"image_meta";a:12:{s:8:"aperture";s:1:"0";s:6:"credit";s:0:"";s:6:"camera";s:0:"";s:7:"caption";s:0:"";s:17:"created_timestamp";s:1:"0";s:9:"copyright";s:0:"";s:12:"focal_length";s:1:"0";s:3:"iso";s:1:"0";s:13:"shutter_speed";s:1:"0";s:5:"title";s:0:"";s:11:"orientation";s:1:"0";s:8:"keywords";a:0:{}}}]]></wp:meta_value>
		</wp:postmeta>
	</item>
	<item>
		<title>office-1081807_1280_2</title>
		<link>https://demo.axlethemes.com/best-business/office-1081807_1280_2/</link>
		<pubDate>Wed, 16 Aug 2017 10:54:21 +0000</pubDate>
		<dc:creator><![CDATA[atsupervisor]]></dc:creator>
		<guid isPermaLink="false">https://demo.axlethemes.com/best-business/wp-content/uploads/sites/12/2017/08/office-1081807_1280_2.jpg</guid>
		<description></description>
		<content:encoded><![CDATA[]]></content:encoded>
		<excerpt:encoded><![CDATA[]]></excerpt:encoded>
		<wp:post_id>138</wp:post_id>
		<wp:post_date><![CDATA[2017-08-16 10:54:21]]></wp:post_date>
		<wp:post_date_gmt><![CDATA[2017-08-16 10:54:21]]></wp:post_date_gmt>
		<wp:comment_status><![CDATA[open]]></wp:comment_status>
		<wp:ping_status><![CDATA[closed]]></wp:ping_status>
		<wp:post_name><![CDATA[office-1081807_1280_2]]></wp:post_name>
		<wp:status><![CDATA[inherit]]></wp:status>
		<wp:post_parent>0</wp:post_parent>
		<wp:menu_order>0</wp:menu_order>
		<wp:post_type><![CDATA[attachment]]></wp:post_type>
		<wp:post_password><![CDATA[]]></wp:post_password>
		<wp:is_sticky>0</wp:is_sticky>
		<wp:attachment_url><![CDATA[https://demo.axlethemes.com/best-business/wp-content/uploads/sites/12/2017/08/office-1081807_1280_2.jpg]]></wp:attachment_url>
		<wp:postmeta>
			<wp:meta_key><![CDATA[_wp_attached_file]]></wp:meta_key>
			<wp:meta_value><![CDATA[2017/08/office-1081807_1280_2.jpg]]></wp:meta_value>
		</wp:postmeta>
		<wp:postmeta>
			<wp:meta_key><![CDATA[_wp_attachment_metadata]]></wp:meta_key>
			<wp:meta_value><![CDATA[a:5:{s:5:"width";i:1280;s:6:"height";i:855;s:4:"file";s:33:"2017/08/office-1081807_1280_2.jpg";s:5:"sizes";a:5:{s:9:"thumbnail";a:4:{s:4:"file";s:33:"office-1081807_1280_2-150x150.jpg";s:5:"width";i:150;s:6:"height";i:150;s:9:"mime-type";s:10:"image/jpeg";}s:6:"medium";a:4:{s:4:"file";s:33:"office-1081807_1280_2-300x200.jpg";s:5:"width";i:300;s:6:"height";i:200;s:9:"mime-type";s:10:"image/jpeg";}s:12:"medium_large";a:4:{s:4:"file";s:33:"office-1081807_1280_2-768x513.jpg";s:5:"width";i:768;s:6:"height";i:513;s:9:"mime-type";s:10:"image/jpeg";}s:5:"large";a:4:{s:4:"file";s:34:"office-1081807_1280_2-1024x684.jpg";s:5:"width";i:1024;s:6:"height";i:684;s:9:"mime-type";s:10:"image/jpeg";}s:19:"best-business-thumb";a:4:{s:4:"file";s:33:"office-1081807_1280_2-360x240.jpg";s:5:"width";i:360;s:6:"height";i:240;s:9:"mime-type";s:10:"image/jpeg";}}s:10:"image_meta";a:12:{s:8:"aperture";s:1:"0";s:6:"credit";s:0:"";s:6:"camera";s:0:"";s:7:"caption";s:0:"";s:17:"created_timestamp";s:1:"0";s:9:"copyright";s:0:"";s:12:"focal_length";s:1:"0";s:3:"iso";s:1:"0";s:13:"shutter_speed";s:1:"0";s:5:"title";s:0:"";s:11:"orientation";s:1:"0";s:8:"keywords";a:0:{}}}]]></wp:meta_value>
		</wp:postmeta>
	</item>
	<item>
		<title>best-business-pro</title>
		<link>https://demo.axlethemes.com/best-business/2017/08/16/best-business-pro/</link>
		<pubDate>Wed, 16 Aug 2017 15:43:53 +0000</pubDate>
		<dc:creator><![CDATA[atsupervisor]]></dc:creator>
		<guid isPermaLink="false">https://demo.axlethemes.com/best-business-pro/2017/08/16/best-business-pro/</guid>
		<description></description>
		<content:encoded><![CDATA[#primary img.best-business-post-thumb {
    width: 100%;
}]]></content:encoded>
		<excerpt:encoded><![CDATA[]]></excerpt:encoded>
		<wp:post_id>174</wp:post_id>
		<wp:post_date><![CDATA[2017-08-16 15:43:53]]></wp:post_date>
		<wp:post_date_gmt><![CDATA[2017-08-16 15:43:53]]></wp:post_date_gmt>
		<wp:comment_status><![CDATA[closed]]></wp:comment_status>
		<wp:ping_status><![CDATA[closed]]></wp:ping_status>
		<wp:post_name><![CDATA[best-business-pro]]></wp:post_name>
		<wp:status><![CDATA[publish]]></wp:status>
		<wp:post_parent>0</wp:post_parent>
		<wp:menu_order>0</wp:menu_order>
		<wp:post_type><![CDATA[custom_css]]></wp:post_type>
		<wp:post_password><![CDATA[]]></wp:post_password>
		<wp:is_sticky>0</wp:is_sticky>
	</item>
	<item>
		<title></title>
		<link>https://demo.axlethemes.com/best-business/2017/08/16/229/</link>
		<pubDate>Wed, 16 Aug 2017 16:45:37 +0000</pubDate>
		<dc:creator><![CDATA[atsupervisor]]></dc:creator>
		<guid isPermaLink="false">https://demo.axlethemes.com/best-business/?p=229</guid>
		<description></description>
		<content:encoded><![CDATA[ ]]></content:encoded>
		<excerpt:encoded><![CDATA[]]></excerpt:encoded>
		<wp:post_id>229</wp:post_id>
		<wp:post_date><![CDATA[2017-08-16 16:45:37]]></wp:post_date>
		<wp:post_date_gmt><![CDATA[2017-08-16 16:45:37]]></wp:post_date_gmt>
		<wp:comment_status><![CDATA[closed]]></wp:comment_status>
		<wp:ping_status><![CDATA[closed]]></wp:ping_status>
		<wp:post_name><![CDATA[229]]></wp:post_name>
		<wp:status><![CDATA[publish]]></wp:status>
		<wp:post_parent>0</wp:post_parent>
		<wp:menu_order>2</wp:menu_order>
		<wp:post_type><![CDATA[nav_menu_item]]></wp:post_type>
		<wp:post_password><![CDATA[]]></wp:post_password>
		<wp:is_sticky>0</wp:is_sticky>
		<category domain="nav_menu" nicename="main-menu"><![CDATA[Main Menu]]></category>
		<wp:postmeta>
			<wp:meta_key><![CDATA[_menu_item_type]]></wp:meta_key>
			<wp:meta_value><![CDATA[post_type]]></wp:meta_value>
		</wp:postmeta>
		<wp:postmeta>
			<wp:meta_key><![CDATA[_menu_item_menu_item_parent]]></wp:meta_key>
			<wp:meta_value><![CDATA[0]]></wp:meta_value>
		</wp:postmeta>
		<wp:postmeta>
			<wp:meta_key><![CDATA[_menu_item_object_id]]></wp:meta_key>
			<wp:meta_value><![CDATA[13]]></wp:meta_value>
		</wp:postmeta>
		<wp:postmeta>
			<wp:meta_key><![CDATA[_menu_item_object]]></wp:meta_key>
			<wp:meta_value><![CDATA[page]]></wp:meta_value>
		</wp:postmeta>
		<wp:postmeta>
			<wp:meta_key><![CDATA[_menu_item_target]]></wp:meta_key>
			<wp:meta_value><![CDATA[]]></wp:meta_value>
		</wp:postmeta>
		<wp:postmeta>
			<wp:meta_key><![CDATA[_menu_item_classes]]></wp:meta_key>
			<wp:meta_value><![CDATA[a:1:{i:0;s:0:"";}]]></wp:meta_value>
		</wp:postmeta>
		<wp:postmeta>
			<wp:meta_key><![CDATA[_menu_item_xfn]]></wp:meta_key>
			<wp:meta_value><![CDATA[]]></wp:meta_value>
		</wp:postmeta>
		<wp:postmeta>
			<wp:meta_key><![CDATA[_menu_item_url]]></wp:meta_key>
			<wp:meta_value><![CDATA[]]></wp:meta_value>
		</wp:postmeta>
	</item>
	<item>
		<title></title>
		<link>https://demo.axlethemes.com/best-business/2017/08/16/233/</link>
		<pubDate>Wed, 16 Aug 2017 16:45:37 +0000</pubDate>
		<dc:creator><![CDATA[atsupervisor]]></dc:creator>
		<guid isPermaLink="false">https://demo.axlethemes.com/best-business/?p=233</guid>
		<description></description>
		<content:encoded><![CDATA[ ]]></content:encoded>
		<excerpt:encoded><![CDATA[]]></excerpt:encoded>
		<wp:post_id>233</wp:post_id>
		<wp:post_date><![CDATA[2017-08-16 16:45:37]]></wp:post_date>
		<wp:post_date_gmt><![CDATA[2017-08-16 16:45:37]]></wp:post_date_gmt>
		<wp:comment_status><![CDATA[closed]]></wp:comment_status>
		<wp:ping_status><![CDATA[closed]]></wp:ping_status>
		<wp:post_name><![CDATA[233]]></wp:post_name>
		<wp:status><![CDATA[publish]]></wp:status>
		<wp:post_parent>0</wp:post_parent>
		<wp:menu_order>7</wp:menu_order>
		<wp:post_type><![CDATA[nav_menu_item]]></wp:post_type>
		<wp:post_password><![CDATA[]]></wp:post_password>
		<wp:is_sticky>0</wp:is_sticky>
		<category domain="nav_menu" nicename="main-menu"><![CDATA[Main Menu]]></category>
		<wp:postmeta>
			<wp:meta_key><![CDATA[_menu_item_type]]></wp:meta_key>
			<wp:meta_value><![CDATA[post_type]]></wp:meta_value>
		</wp:postmeta>
		<wp:postmeta>
			<wp:meta_key><![CDATA[_menu_item_menu_item_parent]]></wp:meta_key>
			<wp:meta_value><![CDATA[0]]></wp:meta_value>
		</wp:postmeta>
		<wp:postmeta>
			<wp:meta_key><![CDATA[_menu_item_object_id]]></wp:meta_key>
			<wp:meta_value><![CDATA[14]]></wp:meta_value>
		</wp:postmeta>
		<wp:postmeta>
			<wp:meta_key><![CDATA[_menu_item_object]]></wp:meta_key>
			<wp:meta_value><![CDATA[page]]></wp:meta_value>
		</wp:postmeta>
		<wp:postmeta>
			<wp:meta_key><![CDATA[_menu_item_target]]></wp:meta_key>
			<wp:meta_value><![CDATA[]]></wp:meta_value>
		</wp:postmeta>
		<wp:postmeta>
			<wp:meta_key><![CDATA[_menu_item_classes]]></wp:meta_key>
			<wp:meta_value><![CDATA[a:1:{i:0;s:0:"";}]]></wp:meta_value>
		</wp:postmeta>
		<wp:postmeta>
			<wp:meta_key><![CDATA[_menu_item_xfn]]></wp:meta_key>
			<wp:meta_value><![CDATA[]]></wp:meta_value>
		</wp:postmeta>
		<wp:postmeta>
			<wp:meta_key><![CDATA[_menu_item_url]]></wp:meta_key>
			<wp:meta_value><![CDATA[]]></wp:meta_value>
		</wp:postmeta>
	</item>
	<item>
		<title></title>
		<link>https://demo.axlethemes.com/best-business/2017/08/16/234/</link>
		<pubDate>Wed, 16 Aug 2017 16:45:37 +0000</pubDate>
		<dc:creator><![CDATA[atsupervisor]]></dc:creator>
		<guid isPermaLink="false">https://demo.axlethemes.com/best-business/?p=234</guid>
		<description></description>
		<content:encoded><![CDATA[ ]]></content:encoded>
		<excerpt:encoded><![CDATA[]]></excerpt:encoded>
		<wp:post_id>234</wp:post_id>
		<wp:post_date><![CDATA[2017-08-16 16:45:37]]></wp:post_date>
		<wp:post_date_gmt><![CDATA[2017-08-16 16:45:37]]></wp:post_date_gmt>
		<wp:comment_status><![CDATA[closed]]></wp:comment_status>
		<wp:ping_status><![CDATA[closed]]></wp:ping_status>
		<wp:post_name><![CDATA[234]]></wp:post_name>
		<wp:status><![CDATA[publish]]></wp:status>
		<wp:post_parent>0</wp:post_parent>
		<wp:menu_order>8</wp:menu_order>
		<wp:post_type><![CDATA[nav_menu_item]]></wp:post_type>
		<wp:post_password><![CDATA[]]></wp:post_password>
		<wp:is_sticky>0</wp:is_sticky>
		<category domain="nav_menu" nicename="main-menu"><![CDATA[Main Menu]]></category>
		<wp:postmeta>
			<wp:meta_key><![CDATA[_menu_item_type]]></wp:meta_key>
			<wp:meta_value><![CDATA[post_type]]></wp:meta_value>
		</wp:postmeta>
		<wp:postmeta>
			<wp:meta_key><![CDATA[_menu_item_menu_item_parent]]></wp:meta_key>
			<wp:meta_value><![CDATA[0]]></wp:meta_value>
		</wp:postmeta>
		<wp:postmeta>
			<wp:meta_key><![CDATA[_menu_item_object_id]]></wp:meta_key>
			<wp:meta_value><![CDATA[9]]></wp:meta_value>
		</wp:postmeta>
		<wp:postmeta>
			<wp:meta_key><![CDATA[_menu_item_object]]></wp:meta_key>
			<wp:meta_value><![CDATA[page]]></wp:meta_value>
		</wp:postmeta>
		<wp:postmeta>
			<wp:meta_key><![CDATA[_menu_item_target]]></wp:meta_key>
			<wp:meta_value><![CDATA[]]></wp:meta_value>
		</wp:postmeta>
		<wp:postmeta>
			<wp:meta_key><![CDATA[_menu_item_classes]]></wp:meta_key>
			<wp:meta_value><![CDATA[a:1:{i:0;s:0:"";}]]></wp:meta_value>
		</wp:postmeta>
		<wp:postmeta>
			<wp:meta_key><![CDATA[_menu_item_xfn]]></wp:meta_key>
			<wp:meta_value><![CDATA[]]></wp:meta_value>
		</wp:postmeta>
		<wp:postmeta>
			<wp:meta_key><![CDATA[_menu_item_url]]></wp:meta_key>
			<wp:meta_value><![CDATA[]]></wp:meta_value>
		</wp:postmeta>
	</item>
	<item>
		<title></title>
		<link>https://demo.axlethemes.com/best-business/2017/08/16/235/</link>
		<pubDate>Wed, 16 Aug 2017 16:45:37 +0000</pubDate>
		<dc:creator><![CDATA[atsupervisor]]></dc:creator>
		<guid isPermaLink="false">https://demo.axlethemes.com/best-business/?p=235</guid>
		<description></description>
		<content:encoded><![CDATA[ ]]></content:encoded>
		<excerpt:encoded><![CDATA[]]></excerpt:encoded>
		<wp:post_id>235</wp:post_id>
		<wp:post_date><![CDATA[2017-08-16 16:45:37]]></wp:post_date>
		<wp:post_date_gmt><![CDATA[2017-08-16 16:45:37]]></wp:post_date_gmt>
		<wp:comment_status><![CDATA[closed]]></wp:comment_status>
		<wp:ping_status><![CDATA[closed]]></wp:ping_status>
		<wp:post_name><![CDATA[235]]></wp:post_name>
		<wp:status><![CDATA[publish]]></wp:status>
		<wp:post_parent>0</wp:post_parent>
		<wp:menu_order>1</wp:menu_order>
		<wp:post_type><![CDATA[nav_menu_item]]></wp:post_type>
		<wp:post_password><![CDATA[]]></wp:post_password>
		<wp:is_sticky>0</wp:is_sticky>
		<category domain="nav_menu" nicename="main-menu"><![CDATA[Main Menu]]></category>
		<wp:postmeta>
			<wp:meta_key><![CDATA[_menu_item_type]]></wp:meta_key>
			<wp:meta_value><![CDATA[post_type]]></wp:meta_value>
		</wp:postmeta>
		<wp:postmeta>
			<wp:meta_key><![CDATA[_menu_item_menu_item_parent]]></wp:meta_key>
			<wp:meta_value><![CDATA[0]]></wp:meta_value>
		</wp:postmeta>
		<wp:postmeta>
			<wp:meta_key><![CDATA[_menu_item_object_id]]></wp:meta_key>
			<wp:meta_value><![CDATA[8]]></wp:meta_value>
		</wp:postmeta>
		<wp:postmeta>
			<wp:meta_key><![CDATA[_menu_item_object]]></wp:meta_key>
			<wp:meta_value><![CDATA[page]]></wp:meta_value>
		</wp:postmeta>
		<wp:postmeta>
			<wp:meta_key><![CDATA[_menu_item_target]]></wp:meta_key>
			<wp:meta_value><![CDATA[]]></wp:meta_value>
		</wp:postmeta>
		<wp:postmeta>
			<wp:meta_key><![CDATA[_menu_item_classes]]></wp:meta_key>
			<wp:meta_value><![CDATA[a:1:{i:0;s:0:"";}]]></wp:meta_value>
		</wp:postmeta>
		<wp:postmeta>
			<wp:meta_key><![CDATA[_menu_item_xfn]]></wp:meta_key>
			<wp:meta_value><![CDATA[]]></wp:meta_value>
		</wp:postmeta>
		<wp:postmeta>
			<wp:meta_key><![CDATA[_menu_item_url]]></wp:meta_key>
			<wp:meta_value><![CDATA[]]></wp:meta_value>
		</wp:postmeta>
	</item>
	<item>
		<title></title>
		<link>https://demo.axlethemes.com/best-business/2017/08/21/263/</link>
		<pubDate>Mon, 21 Aug 2017 08:42:39 +0000</pubDate>
		<dc:creator><![CDATA[atsupervisor]]></dc:creator>
		<guid isPermaLink="false">https://demo.axlethemes.com/best-business/2017/08/21/263/</guid>
		<description></description>
		<content:encoded><![CDATA[ ]]></content:encoded>
		<excerpt:encoded><![CDATA[]]></excerpt:encoded>
		<wp:post_id>263</wp:post_id>
		<wp:post_date><![CDATA[2017-08-21 08:42:39]]></wp:post_date>
		<wp:post_date_gmt><![CDATA[2017-08-21 08:42:39]]></wp:post_date_gmt>
		<wp:comment_status><![CDATA[closed]]></wp:comment_status>
		<wp:ping_status><![CDATA[closed]]></wp:ping_status>
		<wp:post_name><![CDATA[263]]></wp:post_name>
		<wp:status><![CDATA[publish]]></wp:status>
		<wp:post_parent>0</wp:post_parent>
		<wp:menu_order>4</wp:menu_order>
		<wp:post_type><![CDATA[nav_menu_item]]></wp:post_type>
		<wp:post_password><![CDATA[]]></wp:post_password>
		<wp:is_sticky>0</wp:is_sticky>
		<category domain="nav_menu" nicename="main-menu"><![CDATA[Main Menu]]></category>
		<wp:postmeta>
			<wp:meta_key><![CDATA[_menu_item_type]]></wp:meta_key>
			<wp:meta_value><![CDATA[post_type]]></wp:meta_value>
		</wp:postmeta>
		<wp:postmeta>
			<wp:meta_key><![CDATA[_menu_item_menu_item_parent]]></wp:meta_key>
			<wp:meta_value><![CDATA[329]]></wp:meta_value>
		</wp:postmeta>
		<wp:postmeta>
			<wp:meta_key><![CDATA[_menu_item_object_id]]></wp:meta_key>
			<wp:meta_value><![CDATA[124]]></wp:meta_value>
		</wp:postmeta>
		<wp:postmeta>
			<wp:meta_key><![CDATA[_menu_item_object]]></wp:meta_key>
			<wp:meta_value><![CDATA[page]]></wp:meta_value>
		</wp:postmeta>
		<wp:postmeta>
			<wp:meta_key><![CDATA[_menu_item_target]]></wp:meta_key>
			<wp:meta_value><![CDATA[]]></wp:meta_value>
		</wp:postmeta>
		<wp:postmeta>
			<wp:meta_key><![CDATA[_menu_item_classes]]></wp:meta_key>
			<wp:meta_value><![CDATA[a:1:{i:0;s:0:"";}]]></wp:meta_value>
		</wp:postmeta>
		<wp:postmeta>
			<wp:meta_key><![CDATA[_menu_item_xfn]]></wp:meta_key>
			<wp:meta_value><![CDATA[]]></wp:meta_value>
		</wp:postmeta>
		<wp:postmeta>
			<wp:meta_key><![CDATA[_menu_item_url]]></wp:meta_key>
			<wp:meta_value><![CDATA[]]></wp:meta_value>
		</wp:postmeta>
	</item>
	<item>
		<title></title>
		<link>https://demo.axlethemes.com/best-business/2017/08/21/264/</link>
		<pubDate>Mon, 21 Aug 2017 08:42:39 +0000</pubDate>
		<dc:creator><![CDATA[atsupervisor]]></dc:creator>
		<guid isPermaLink="false">https://demo.axlethemes.com/best-business/2017/08/21/264/</guid>
		<description></description>
		<content:encoded><![CDATA[ ]]></content:encoded>
		<excerpt:encoded><![CDATA[]]></excerpt:encoded>
		<wp:post_id>264</wp:post_id>
		<wp:post_date><![CDATA[2017-08-21 08:42:39]]></wp:post_date>
		<wp:post_date_gmt><![CDATA[2017-08-21 08:42:39]]></wp:post_date_gmt>
		<wp:comment_status><![CDATA[closed]]></wp:comment_status>
		<wp:ping_status><![CDATA[closed]]></wp:ping_status>
		<wp:post_name><![CDATA[264]]></wp:post_name>
		<wp:status><![CDATA[publish]]></wp:status>
		<wp:post_parent>0</wp:post_parent>
		<wp:menu_order>6</wp:menu_order>
		<wp:post_type><![CDATA[nav_menu_item]]></wp:post_type>
		<wp:post_password><![CDATA[]]></wp:post_password>
		<wp:is_sticky>0</wp:is_sticky>
		<category domain="nav_menu" nicename="main-menu"><![CDATA[Main Menu]]></category>
		<wp:postmeta>
			<wp:meta_key><![CDATA[_menu_item_type]]></wp:meta_key>
			<wp:meta_value><![CDATA[post_type]]></wp:meta_value>
		</wp:postmeta>
		<wp:postmeta>
			<wp:meta_key><![CDATA[_menu_item_menu_item_parent]]></wp:meta_key>
			<wp:meta_value><![CDATA[329]]></wp:meta_value>
		</wp:postmeta>
		<wp:postmeta>
			<wp:meta_key><![CDATA[_menu_item_object_id]]></wp:meta_key>
			<wp:meta_value><![CDATA[123]]></wp:meta_value>
		</wp:postmeta>
		<wp:postmeta>
			<wp:meta_key><![CDATA[_menu_item_object]]></wp:meta_key>
			<wp:meta_value><![CDATA[page]]></wp:meta_value>
		</wp:postmeta>
		<wp:postmeta>
			<wp:meta_key><![CDATA[_menu_item_target]]></wp:meta_key>
			<wp:meta_value><![CDATA[]]></wp:meta_value>
		</wp:postmeta>
		<wp:postmeta>
			<wp:meta_key><![CDATA[_menu_item_classes]]></wp:meta_key>
			<wp:meta_value><![CDATA[a:1:{i:0;s:0:"";}]]></wp:meta_value>
		</wp:postmeta>
		<wp:postmeta>
			<wp:meta_key><![CDATA[_menu_item_xfn]]></wp:meta_key>
			<wp:meta_value><![CDATA[]]></wp:meta_value>
		</wp:postmeta>
		<wp:postmeta>
			<wp:meta_key><![CDATA[_menu_item_url]]></wp:meta_key>
			<wp:meta_value><![CDATA[]]></wp:meta_value>
		</wp:postmeta>
	</item>
	<item>
		<title>8-single-default</title>
		<link>https://demo.axlethemes.com/best-business/custom-widget-ready/8-single-default/</link>
		<pubDate>Tue, 29 Aug 2017 08:55:53 +0000</pubDate>
		<dc:creator><![CDATA[atsupervisor]]></dc:creator>
		<guid isPermaLink="false">https://demo.axlethemes.com/best-business/wp-content/uploads/sites/12/2017/08/8-single-default.jpg</guid>
		<description></description>
		<content:encoded><![CDATA[]]></content:encoded>
		<excerpt:encoded><![CDATA[]]></excerpt:encoded>
		<wp:post_id>287</wp:post_id>
		<wp:post_date><![CDATA[2017-08-29 08:55:53]]></wp:post_date>
		<wp:post_date_gmt><![CDATA[2017-08-29 08:55:53]]></wp:post_date_gmt>
		<wp:comment_status><![CDATA[open]]></wp:comment_status>
		<wp:ping_status><![CDATA[closed]]></wp:ping_status>
		<wp:post_name><![CDATA[8-single-default]]></wp:post_name>
		<wp:status><![CDATA[inherit]]></wp:status>
		<wp:post_parent>123</wp:post_parent>
		<wp:menu_order>0</wp:menu_order>
		<wp:post_type><![CDATA[attachment]]></wp:post_type>
		<wp:post_password><![CDATA[]]></wp:post_password>
		<wp:is_sticky>0</wp:is_sticky>
		<wp:attachment_url><![CDATA[https://demo.axlethemes.com/best-business/wp-content/uploads/sites/12/2017/08/8-single-default.jpg]]></wp:attachment_url>
		<wp:postmeta>
			<wp:meta_key><![CDATA[_wp_attached_file]]></wp:meta_key>
			<wp:meta_value><![CDATA[2017/08/8-single-default.jpg]]></wp:meta_value>
		</wp:postmeta>
		<wp:postmeta>
			<wp:meta_key><![CDATA[_wp_attachment_metadata]]></wp:meta_key>
			<wp:meta_value><![CDATA[a:5:{s:5:"width";i:870;s:6:"height";i:564;s:4:"file";s:28:"2017/08/8-single-default.jpg";s:5:"sizes";a:4:{s:9:"thumbnail";a:4:{s:4:"file";s:28:"8-single-default-150x150.jpg";s:5:"width";i:150;s:6:"height";i:150;s:9:"mime-type";s:10:"image/jpeg";}s:6:"medium";a:4:{s:4:"file";s:28:"8-single-default-300x194.jpg";s:5:"width";i:300;s:6:"height";i:194;s:9:"mime-type";s:10:"image/jpeg";}s:12:"medium_large";a:4:{s:4:"file";s:28:"8-single-default-768x498.jpg";s:5:"width";i:768;s:6:"height";i:498;s:9:"mime-type";s:10:"image/jpeg";}s:19:"best-business-thumb";a:4:{s:4:"file";s:28:"8-single-default-360x233.jpg";s:5:"width";i:360;s:6:"height";i:233;s:9:"mime-type";s:10:"image/jpeg";}}s:10:"image_meta";a:12:{s:8:"aperture";s:1:"0";s:6:"credit";s:0:"";s:6:"camera";s:0:"";s:7:"caption";s:0:"";s:17:"created_timestamp";s:1:"0";s:9:"copyright";s:0:"";s:12:"focal_length";s:1:"0";s:3:"iso";s:1:"0";s:13:"shutter_speed";s:1:"0";s:5:"title";s:0:"";s:11:"orientation";s:1:"0";s:8:"keywords";a:0:{}}}]]></wp:meta_value>
		</wp:postmeta>
	</item>
	<item>
		<title>Buy Pro</title>
		<link>https://demo.axlethemes.com/best-business/2017/08/30/buy-pro/</link>
		<pubDate>Wed, 30 Aug 2017 11:29:43 +0000</pubDate>
		<dc:creator><![CDATA[atsupervisor]]></dc:creator>
		<guid isPermaLink="false">https://demo.axlethemes.com/best-business/2017/08/30/buy-pro/</guid>
		<description></description>
		<content:encoded><![CDATA[]]></content:encoded>
		<excerpt:encoded><![CDATA[]]></excerpt:encoded>
		<wp:post_id>291</wp:post_id>
		<wp:post_date><![CDATA[2017-08-30 11:29:43]]></wp:post_date>
		<wp:post_date_gmt><![CDATA[2017-08-30 11:29:43]]></wp:post_date_gmt>
		<wp:comment_status><![CDATA[closed]]></wp:comment_status>
		<wp:ping_status><![CDATA[closed]]></wp:ping_status>
		<wp:post_name><![CDATA[buy-pro]]></wp:post_name>
		<wp:status><![CDATA[publish]]></wp:status>
		<wp:post_parent>0</wp:post_parent>
		<wp:menu_order>9</wp:menu_order>
		<wp:post_type><![CDATA[nav_menu_item]]></wp:post_type>
		<wp:post_password><![CDATA[]]></wp:post_password>
		<wp:is_sticky>0</wp:is_sticky>
		<category domain="nav_menu" nicename="main-menu"><![CDATA[Main Menu]]></category>
		<wp:postmeta>
			<wp:meta_key><![CDATA[_menu_item_type]]></wp:meta_key>
			<wp:meta_value><![CDATA[custom]]></wp:meta_value>
		</wp:postmeta>
		<wp:postmeta>
			<wp:meta_key><![CDATA[_menu_item_menu_item_parent]]></wp:meta_key>
			<wp:meta_value><![CDATA[0]]></wp:meta_value>
		</wp:postmeta>
		<wp:postmeta>
			<wp:meta_key><![CDATA[_menu_item_object_id]]></wp:meta_key>
			<wp:meta_value><![CDATA[291]]></wp:meta_value>
		</wp:postmeta>
		<wp:postmeta>
			<wp:meta_key><![CDATA[_menu_item_object]]></wp:meta_key>
			<wp:meta_value><![CDATA[custom]]></wp:meta_value>
		</wp:postmeta>
		<wp:postmeta>
			<wp:meta_key><![CDATA[_menu_item_target]]></wp:meta_key>
			<wp:meta_value><![CDATA[]]></wp:meta_value>
		</wp:postmeta>
		<wp:postmeta>
			<wp:meta_key><![CDATA[_menu_item_classes]]></wp:meta_key>
			<wp:meta_value><![CDATA[a:1:{i:0;s:0:"";}]]></wp:meta_value>
		</wp:postmeta>
		<wp:postmeta>
			<wp:meta_key><![CDATA[_menu_item_xfn]]></wp:meta_key>
			<wp:meta_value><![CDATA[]]></wp:meta_value>
		</wp:postmeta>
		<wp:postmeta>
			<wp:meta_key><![CDATA[_menu_item_url]]></wp:meta_key>
			<wp:meta_value><![CDATA[https://axlethemes.com/downloads/best-business-pro/]]></wp:meta_value>
		</wp:postmeta>
	</item>
	<item>
		<title></title>
		<link>https://demo.axlethemes.com/best-business/2017/09/12/316/</link>
		<pubDate>Tue, 12 Sep 2017 03:41:51 +0000</pubDate>
		<dc:creator><![CDATA[atsupervisor]]></dc:creator>
		<guid isPermaLink="false">https://demo.axlethemes.com/best-business/2017/09/12/316/</guid>
		<description></description>
		<content:encoded><![CDATA[ ]]></content:encoded>
		<excerpt:encoded><![CDATA[]]></excerpt:encoded>
		<wp:post_id>316</wp:post_id>
		<wp:post_date><![CDATA[2017-09-12 03:41:51]]></wp:post_date>
		<wp:post_date_gmt><![CDATA[2017-09-12 03:41:51]]></wp:post_date_gmt>
		<wp:comment_status><![CDATA[closed]]></wp:comment_status>
		<wp:ping_status><![CDATA[closed]]></wp:ping_status>
		<wp:post_name><![CDATA[316]]></wp:post_name>
		<wp:status><![CDATA[publish]]></wp:status>
		<wp:post_parent>0</wp:post_parent>
		<wp:menu_order>1</wp:menu_order>
		<wp:post_type><![CDATA[nav_menu_item]]></wp:post_type>
		<wp:post_password><![CDATA[]]></wp:post_password>
		<wp:is_sticky>0</wp:is_sticky>
		<category domain="nav_menu" nicename="top-menu"><![CDATA[Top Menu]]></category>
		<wp:postmeta>
			<wp:meta_key><![CDATA[_menu_item_type]]></wp:meta_key>
			<wp:meta_value><![CDATA[post_type]]></wp:meta_value>
		</wp:postmeta>
		<wp:postmeta>
			<wp:meta_key><![CDATA[_menu_item_menu_item_parent]]></wp:meta_key>
			<wp:meta_value><![CDATA[0]]></wp:meta_value>
		</wp:postmeta>
		<wp:postmeta>
			<wp:meta_key><![CDATA[_menu_item_object_id]]></wp:meta_key>
			<wp:meta_value><![CDATA[13]]></wp:meta_value>
		</wp:postmeta>
		<wp:postmeta>
			<wp:meta_key><![CDATA[_menu_item_object]]></wp:meta_key>
			<wp:meta_value><![CDATA[page]]></wp:meta_value>
		</wp:postmeta>
		<wp:postmeta>
			<wp:meta_key><![CDATA[_menu_item_target]]></wp:meta_key>
			<wp:meta_value><![CDATA[]]></wp:meta_value>
		</wp:postmeta>
		<wp:postmeta>
			<wp:meta_key><![CDATA[_menu_item_classes]]></wp:meta_key>
			<wp:meta_value><![CDATA[a:1:{i:0;s:0:"";}]]></wp:meta_value>
		</wp:postmeta>
		<wp:postmeta>
			<wp:meta_key><![CDATA[_menu_item_xfn]]></wp:meta_key>
			<wp:meta_value><![CDATA[]]></wp:meta_value>
		</wp:postmeta>
		<wp:postmeta>
			<wp:meta_key><![CDATA[_menu_item_url]]></wp:meta_key>
			<wp:meta_value><![CDATA[]]></wp:meta_value>
		</wp:postmeta>
	</item>
	<item>
		<title></title>
		<link>https://demo.axlethemes.com/best-business/2017/09/12/318/</link>
		<pubDate>Tue, 12 Sep 2017 03:41:51 +0000</pubDate>
		<dc:creator><![CDATA[atsupervisor]]></dc:creator>
		<guid isPermaLink="false">https://demo.axlethemes.com/best-business/2017/09/12/318/</guid>
		<description></description>
		<content:encoded><![CDATA[ ]]></content:encoded>
		<excerpt:encoded><![CDATA[]]></excerpt:encoded>
		<wp:post_id>318</wp:post_id>
		<wp:post_date><![CDATA[2017-09-12 03:41:51]]></wp:post_date>
		<wp:post_date_gmt><![CDATA[2017-09-12 03:41:51]]></wp:post_date_gmt>
		<wp:comment_status><![CDATA[closed]]></wp:comment_status>
		<wp:ping_status><![CDATA[closed]]></wp:ping_status>
		<wp:post_name><![CDATA[318]]></wp:post_name>
		<wp:status><![CDATA[publish]]></wp:status>
		<wp:post_parent>0</wp:post_parent>
		<wp:menu_order>3</wp:menu_order>
		<wp:post_type><![CDATA[nav_menu_item]]></wp:post_type>
		<wp:post_password><![CDATA[]]></wp:post_password>
		<wp:is_sticky>0</wp:is_sticky>
		<category domain="nav_menu" nicename="top-menu"><![CDATA[Top Menu]]></category>
		<wp:postmeta>
			<wp:meta_key><![CDATA[_menu_item_type]]></wp:meta_key>
			<wp:meta_value><![CDATA[post_type]]></wp:meta_value>
		</wp:postmeta>
		<wp:postmeta>
			<wp:meta_key><![CDATA[_menu_item_menu_item_parent]]></wp:meta_key>
			<wp:meta_value><![CDATA[0]]></wp:meta_value>
		</wp:postmeta>
		<wp:postmeta>
			<wp:meta_key><![CDATA[_menu_item_object_id]]></wp:meta_key>
			<wp:meta_value><![CDATA[14]]></wp:meta_value>
		</wp:postmeta>
		<wp:postmeta>
			<wp:meta_key><![CDATA[_menu_item_object]]></wp:meta_key>
			<wp:meta_value><![CDATA[page]]></wp:meta_value>
		</wp:postmeta>
		<wp:postmeta>
			<wp:meta_key><![CDATA[_menu_item_target]]></wp:meta_key>
			<wp:meta_value><![CDATA[]]></wp:meta_value>
		</wp:postmeta>
		<wp:postmeta>
			<wp:meta_key><![CDATA[_menu_item_classes]]></wp:meta_key>
			<wp:meta_value><![CDATA[a:1:{i:0;s:0:"";}]]></wp:meta_value>
		</wp:postmeta>
		<wp:postmeta>
			<wp:meta_key><![CDATA[_menu_item_xfn]]></wp:meta_key>
			<wp:meta_value><![CDATA[]]></wp:meta_value>
		</wp:postmeta>
		<wp:postmeta>
			<wp:meta_key><![CDATA[_menu_item_url]]></wp:meta_key>
			<wp:meta_value><![CDATA[]]></wp:meta_value>
		</wp:postmeta>
	</item>
	<item>
		<title></title>
		<link>https://demo.axlethemes.com/best-business/2017/09/12/319/</link>
		<pubDate>Tue, 12 Sep 2017 03:41:51 +0000</pubDate>
		<dc:creator><![CDATA[atsupervisor]]></dc:creator>
		<guid isPermaLink="false">https://demo.axlethemes.com/best-business/2017/09/12/319/</guid>
		<description></description>
		<content:encoded><![CDATA[ ]]></content:encoded>
		<excerpt:encoded><![CDATA[]]></excerpt:encoded>
		<wp:post_id>319</wp:post_id>
		<wp:post_date><![CDATA[2017-09-12 03:41:51]]></wp:post_date>
		<wp:post_date_gmt><![CDATA[2017-09-12 03:41:51]]></wp:post_date_gmt>
		<wp:comment_status><![CDATA[closed]]></wp:comment_status>
		<wp:ping_status><![CDATA[closed]]></wp:ping_status>
		<wp:post_name><![CDATA[319]]></wp:post_name>
		<wp:status><![CDATA[publish]]></wp:status>
		<wp:post_parent>0</wp:post_parent>
		<wp:menu_order>4</wp:menu_order>
		<wp:post_type><![CDATA[nav_menu_item]]></wp:post_type>
		<wp:post_password><![CDATA[]]></wp:post_password>
		<wp:is_sticky>0</wp:is_sticky>
		<category domain="nav_menu" nicename="top-menu"><![CDATA[Top Menu]]></category>
		<wp:postmeta>
			<wp:meta_key><![CDATA[_menu_item_type]]></wp:meta_key>
			<wp:meta_value><![CDATA[post_type]]></wp:meta_value>
		</wp:postmeta>
		<wp:postmeta>
			<wp:meta_key><![CDATA[_menu_item_menu_item_parent]]></wp:meta_key>
			<wp:meta_value><![CDATA[0]]></wp:meta_value>
		</wp:postmeta>
		<wp:postmeta>
			<wp:meta_key><![CDATA[_menu_item_object_id]]></wp:meta_key>
			<wp:meta_value><![CDATA[9]]></wp:meta_value>
		</wp:postmeta>
		<wp:postmeta>
			<wp:meta_key><![CDATA[_menu_item_object]]></wp:meta_key>
			<wp:meta_value><![CDATA[page]]></wp:meta_value>
		</wp:postmeta>
		<wp:postmeta>
			<wp:meta_key><![CDATA[_menu_item_target]]></wp:meta_key>
			<wp:meta_value><![CDATA[]]></wp:meta_value>
		</wp:postmeta>
		<wp:postmeta>
			<wp:meta_key><![CDATA[_menu_item_classes]]></wp:meta_key>
			<wp:meta_value><![CDATA[a:1:{i:0;s:0:"";}]]></wp:meta_value>
		</wp:postmeta>
		<wp:postmeta>
			<wp:meta_key><![CDATA[_menu_item_xfn]]></wp:meta_key>
			<wp:meta_value><![CDATA[]]></wp:meta_value>
		</wp:postmeta>
		<wp:postmeta>
			<wp:meta_key><![CDATA[_menu_item_url]]></wp:meta_key>
			<wp:meta_value><![CDATA[]]></wp:meta_value>
		</wp:postmeta>
	</item>
	<item>
		<title>Our Services</title>
		<link>https://demo.axlethemes.com/best-business/2017/09/12/our-services/</link>
		<pubDate>Tue, 12 Sep 2017 03:48:43 +0000</pubDate>
		<dc:creator><![CDATA[atsupervisor]]></dc:creator>
		<guid isPermaLink="false">https://demo.axlethemes.com/best-business/2017/09/12/our-services/</guid>
		<description></description>
		<content:encoded><![CDATA[]]></content:encoded>
		<excerpt:encoded><![CDATA[]]></excerpt:encoded>
		<wp:post_id>329</wp:post_id>
		<wp:post_date><![CDATA[2017-09-12 03:48:43]]></wp:post_date>
		<wp:post_date_gmt><![CDATA[2017-09-12 03:48:43]]></wp:post_date_gmt>
		<wp:comment_status><![CDATA[closed]]></wp:comment_status>
		<wp:ping_status><![CDATA[closed]]></wp:ping_status>
		<wp:post_name><![CDATA[our-services]]></wp:post_name>
		<wp:status><![CDATA[publish]]></wp:status>
		<wp:post_parent>0</wp:post_parent>
		<wp:menu_order>3</wp:menu_order>
		<wp:post_type><![CDATA[nav_menu_item]]></wp:post_type>
		<wp:post_password><![CDATA[]]></wp:post_password>
		<wp:is_sticky>0</wp:is_sticky>
		<category domain="nav_menu" nicename="main-menu"><![CDATA[Main Menu]]></category>
		<wp:postmeta>
			<wp:meta_key><![CDATA[_menu_item_type]]></wp:meta_key>
			<wp:meta_value><![CDATA[custom]]></wp:meta_value>
		</wp:postmeta>
		<wp:postmeta>
			<wp:meta_key><![CDATA[_menu_item_menu_item_parent]]></wp:meta_key>
			<wp:meta_value><![CDATA[0]]></wp:meta_value>
		</wp:postmeta>
		<wp:postmeta>
			<wp:meta_key><![CDATA[_menu_item_object_id]]></wp:meta_key>
			<wp:meta_value><![CDATA[329]]></wp:meta_value>
		</wp:postmeta>
		<wp:postmeta>
			<wp:meta_key><![CDATA[_menu_item_object]]></wp:meta_key>
			<wp:meta_value><![CDATA[custom]]></wp:meta_value>
		</wp:postmeta>
		<wp:postmeta>
			<wp:meta_key><![CDATA[_menu_item_target]]></wp:meta_key>
			<wp:meta_value><![CDATA[]]></wp:meta_value>
		</wp:postmeta>
		<wp:postmeta>
			<wp:meta_key><![CDATA[_menu_item_classes]]></wp:meta_key>
			<wp:meta_value><![CDATA[a:1:{i:0;s:0:"";}]]></wp:meta_value>
		</wp:postmeta>
		<wp:postmeta>
			<wp:meta_key><![CDATA[_menu_item_xfn]]></wp:meta_key>
			<wp:meta_value><![CDATA[]]></wp:meta_value>
		</wp:postmeta>
		<wp:postmeta>
			<wp:meta_key><![CDATA[_menu_item_url]]></wp:meta_key>
			<wp:meta_value><![CDATA[#]]></wp:meta_value>
		</wp:postmeta>
	</item>
	<item>
		<title>news</title>
		<link>https://demo.axlethemes.com/best-business/2017/08/29/we-are-a-young-agency/news/</link>
		<pubDate>Tue, 12 Sep 2017 04:53:39 +0000</pubDate>
		<dc:creator><![CDATA[atsupervisor]]></dc:creator>
		<guid isPermaLink="false">https://demo.axlethemes.com/best-business/wp-content/uploads/sites/12/2017/08/news.jpg</guid>
		<description></description>
		<content:encoded><![CDATA[]]></content:encoded>
		<excerpt:encoded><![CDATA[]]></excerpt:encoded>
		<wp:post_id>360</wp:post_id>
		<wp:post_date><![CDATA[2017-09-12 04:53:39]]></wp:post_date>
		<wp:post_date_gmt><![CDATA[2017-09-12 04:53:39]]></wp:post_date_gmt>
		<wp:comment_status><![CDATA[open]]></wp:comment_status>
		<wp:ping_status><![CDATA[closed]]></wp:ping_status>
		<wp:post_name><![CDATA[news]]></wp:post_name>
		<wp:status><![CDATA[inherit]]></wp:status>
		<wp:post_parent>281</wp:post_parent>
		<wp:menu_order>0</wp:menu_order>
		<wp:post_type><![CDATA[attachment]]></wp:post_type>
		<wp:post_password><![CDATA[]]></wp:post_password>
		<wp:is_sticky>0</wp:is_sticky>
		<wp:attachment_url><![CDATA[https://demo.axlethemes.com/best-business/wp-content/uploads/sites/12/2017/08/news.jpg]]></wp:attachment_url>
		<wp:postmeta>
			<wp:meta_key><![CDATA[_wp_attached_file]]></wp:meta_key>
			<wp:meta_value><![CDATA[2017/08/news.jpg]]></wp:meta_value>
		</wp:postmeta>
		<wp:postmeta>
			<wp:meta_key><![CDATA[_wp_attachment_metadata]]></wp:meta_key>
			<wp:meta_value><![CDATA[a:5:{s:5:"width";i:800;s:6:"height";i:533;s:4:"file";s:16:"2017/08/news.jpg";s:5:"sizes";a:7:{s:9:"thumbnail";a:4:{s:4:"file";s:16:"news-150x150.jpg";s:5:"width";i:150;s:6:"height";i:150;s:9:"mime-type";s:10:"image/jpeg";}s:6:"medium";a:4:{s:4:"file";s:16:"news-300x200.jpg";s:5:"width";i:300;s:6:"height";i:200;s:9:"mime-type";s:10:"image/jpeg";}s:12:"medium_large";a:4:{s:4:"file";s:16:"news-768x512.jpg";s:5:"width";i:768;s:6:"height";i:512;s:9:"mime-type";s:10:"image/jpeg";}s:14:"shop_thumbnail";a:4:{s:4:"file";s:16:"news-180x180.jpg";s:5:"width";i:180;s:6:"height";i:180;s:9:"mime-type";s:10:"image/jpeg";}s:12:"shop_catalog";a:4:{s:4:"file";s:16:"news-300x300.jpg";s:5:"width";i:300;s:6:"height";i:300;s:9:"mime-type";s:10:"image/jpeg";}s:11:"shop_single";a:4:{s:4:"file";s:16:"news-600x533.jpg";s:5:"width";i:600;s:6:"height";i:533;s:9:"mime-type";s:10:"image/jpeg";}s:19:"best-business-thumb";a:4:{s:4:"file";s:16:"news-360x240.jpg";s:5:"width";i:360;s:6:"height";i:240;s:9:"mime-type";s:10:"image/jpeg";}}s:10:"image_meta";a:12:{s:8:"aperture";s:1:"0";s:6:"credit";s:0:"";s:6:"camera";s:0:"";s:7:"caption";s:0:"";s:17:"created_timestamp";s:1:"0";s:9:"copyright";s:0:"";s:12:"focal_length";s:1:"0";s:3:"iso";s:1:"0";s:13:"shutter_speed";s:1:"0";s:5:"title";s:0:"";s:11:"orientation";s:1:"0";s:8:"keywords";a:0:{}}}]]></wp:meta_value>
		</wp:postmeta>
	</item>
	<item>
		<title>Home</title>
		<link>https://demo.axlethemes.com/best-business/</link>
		<pubDate>Wed, 16 Aug 2017 09:55:00 +0000</pubDate>
		<dc:creator><![CDATA[atsupervisor]]></dc:creator>
		<guid isPermaLink="false">https://demo.axlethemes.com/best-business-pro/?page_id=8</guid>
		<description></description>
		<content:encoded><![CDATA[]]></content:encoded>
		<excerpt:encoded><![CDATA[]]></excerpt:encoded>
		<wp:post_id>8</wp:post_id>
		<wp:post_date><![CDATA[2017-08-16 09:55:00]]></wp:post_date>
		<wp:post_date_gmt><![CDATA[2017-08-16 09:55:00]]></wp:post_date_gmt>
		<wp:comment_status><![CDATA[closed]]></wp:comment_status>
		<wp:ping_status><![CDATA[closed]]></wp:ping_status>
		<wp:post_name><![CDATA[home]]></wp:post_name>
		<wp:status><![CDATA[publish]]></wp:status>
		<wp:post_parent>0</wp:post_parent>
		<wp:menu_order>0</wp:menu_order>
		<wp:post_type><![CDATA[page]]></wp:post_type>
		<wp:post_password><![CDATA[]]></wp:post_password>
		<wp:is_sticky>0</wp:is_sticky>
		<wp:postmeta>
			<wp:meta_key><![CDATA[_edit_last]]></wp:meta_key>
			<wp:meta_value><![CDATA[1]]></wp:meta_value>
		</wp:postmeta>
	</item>
	<item>
		<title>Blog</title>
		<link>https://demo.axlethemes.com/best-business/blog/</link>
		<pubDate>Wed, 16 Aug 2017 09:55:00 +0000</pubDate>
		<dc:creator><![CDATA[atsupervisor]]></dc:creator>
		<guid isPermaLink="false">https://demo.axlethemes.com/best-business-pro/?page_id=9</guid>
		<description></description>
		<content:encoded><![CDATA[]]></content:encoded>
		<excerpt:encoded><![CDATA[]]></excerpt:encoded>
		<wp:post_id>9</wp:post_id>
		<wp:post_date><![CDATA[2017-08-16 09:55:00]]></wp:post_date>
		<wp:post_date_gmt><![CDATA[2017-08-16 09:55:00]]></wp:post_date_gmt>
		<wp:comment_status><![CDATA[closed]]></wp:comment_status>
		<wp:ping_status><![CDATA[closed]]></wp:ping_status>
		<wp:post_name><![CDATA[blog]]></wp:post_name>
		<wp:status><![CDATA[publish]]></wp:status>
		<wp:post_parent>0</wp:post_parent>
		<wp:menu_order>0</wp:menu_order>
		<wp:post_type><![CDATA[page]]></wp:post_type>
		<wp:post_password><![CDATA[]]></wp:post_password>
		<wp:is_sticky>0</wp:is_sticky>
	</item>
	<item>
		<title>About Us</title>
		<link>https://demo.axlethemes.com/best-business/about-us/</link>
		<pubDate>Wed, 16 Aug 2017 09:57:47 +0000</pubDate>
		<dc:creator><![CDATA[atsupervisor]]></dc:creator>
		<guid isPermaLink="false">https://demo.axlethemes.com/best-business-pro/?page_id=13</guid>
		<description></description>
		<content:encoded><![CDATA[Lorem ipsum dolor sit amet, consectetur adipiscing elit. Nunc dictum purus accumsan, finibus nisi sit amet, ultricies mauris. Ut gravida est sed quam consequat, vitae ornare ex ultrices. Sed mauris ligula, consectetur a elit eget, egestas bibendum lectus. Maecenas mollis nisl vel tellus laoreet, at finibus tellus dapibus. In hac habitasse platea dictumst. In non placerat sapien. Fusce eget pretium elit. In posuere venenatis risus, tincidunt laoreet mi feugiat vitae. Nunc laoreet lacus a dictum dapibus. Curabitur libero neque, porttitor vitae lectus non, accumsan consectetur arcu. Ut a vulputate justo, eget posuere sem. Pellentesque nisi purus, dignissim et tempor eget, tristique sed est.

Nunc aliquam bibendum consequat. Duis et libero ac est fermentum feugiat. Mauris posuere vestibulum congue. Nulla ac tortor et nulla tincidunt malesuada non non risus. Aenean et elit mauris. Vivamus diam lectus, aliquam et diam sit amet, lacinia sagittis enim. Class aptent taciti sociosqu ad litora torquent per conubia nostra, per inceptos himenaeos. Class aptent taciti sociosqu ad litora torquent per conubia nostra, per inceptos himenaeos. Donec fermentum, ex vel dapibus imperdiet, elit nulla rhoncus mi, vel varius massa lorem sed nulla. Maecenas sagittis nibh sed neque imperdiet aliquam. Sed elit nulla, consequat id elementum eu, fermentum nec sapien.]]></content:encoded>
		<excerpt:encoded><![CDATA[]]></excerpt:encoded>
		<wp:post_id>13</wp:post_id>
		<wp:post_date><![CDATA[2017-08-16 09:57:47]]></wp:post_date>
		<wp:post_date_gmt><![CDATA[2017-08-16 09:57:47]]></wp:post_date_gmt>
		<wp:comment_status><![CDATA[closed]]></wp:comment_status>
		<wp:ping_status><![CDATA[closed]]></wp:ping_status>
		<wp:post_name><![CDATA[about-us]]></wp:post_name>
		<wp:status><![CDATA[publish]]></wp:status>
		<wp:post_parent>0</wp:post_parent>
		<wp:menu_order>0</wp:menu_order>
		<wp:post_type><![CDATA[page]]></wp:post_type>
		<wp:post_password><![CDATA[]]></wp:post_password>
		<wp:is_sticky>0</wp:is_sticky>
		<wp:postmeta>
			<wp:meta_key><![CDATA[_edit_last]]></wp:meta_key>
			<wp:meta_value><![CDATA[1]]></wp:meta_value>
		</wp:postmeta>
		<wp:postmeta>
			<wp:meta_key><![CDATA[_thumbnail_id]]></wp:meta_key>
			<wp:meta_value><![CDATA[360]]></wp:meta_value>
		</wp:postmeta>
	</item>
	<item>
		<title>Contact Us</title>
		<link>https://demo.axlethemes.com/best-business/contact-us/</link>
		<pubDate>Wed, 16 Aug 2017 09:56:04 +0000</pubDate>
		<dc:creator><![CDATA[atsupervisor]]></dc:creator>
		<guid isPermaLink="false">https://demo.axlethemes.com/best-business-pro/?page_id=14</guid>
		<description></description>
		<content:encoded><![CDATA[<strong>You can use Contact Form 7 or similar contact form plugin and keep shortcode here!</strong>

[contact-form-7 id="129" title="Contact form 1"]
]]></content:encoded>
		<excerpt:encoded><![CDATA[]]></excerpt:encoded>
		<wp:post_id>14</wp:post_id>
		<wp:post_date><![CDATA[2017-08-16 09:56:04]]></wp:post_date>
		<wp:post_date_gmt><![CDATA[2017-08-16 09:56:04]]></wp:post_date_gmt>
		<wp:comment_status><![CDATA[closed]]></wp:comment_status>
		<wp:ping_status><![CDATA[closed]]></wp:ping_status>
		<wp:post_name><![CDATA[contact-us]]></wp:post_name>
		<wp:status><![CDATA[publish]]></wp:status>
		<wp:post_parent>0</wp:post_parent>
		<wp:menu_order>0</wp:menu_order>
		<wp:post_type><![CDATA[page]]></wp:post_type>
		<wp:post_password><![CDATA[]]></wp:post_password>
		<wp:is_sticky>0</wp:is_sticky>
		<wp:postmeta>
			<wp:meta_key><![CDATA[_edit_last]]></wp:meta_key>
			<wp:meta_value><![CDATA[1]]></wp:meta_value>
		</wp:postmeta>
	</item>
	<item>
		<title>Easy To Customized</title>
		<link>https://demo.axlethemes.com/best-business/easy-to-customized/</link>
		<pubDate>Sun, 05 Feb 2017 08:41:21 +0000</pubDate>
		<dc:creator><![CDATA[atsupervisor]]></dc:creator>
		<guid isPermaLink="false">http://demo.axlethemes.com/corporate-eye-pro/?page_id=47</guid>
		<description></description>
		<content:encoded><![CDATA[Lorem ipsum dolor sit amet, consectetur adipiscing elit, sed do eiusmod tempor incididunt ut labore et dolore magna aliqua. Ut enim ad minim veniam, quis nostrud exercitation ullamco laboris nisi ut aliquip ex ea commodo consequat. Duis aute irure dolor in reprehenderit in voluptate velit esse cillum dolore eu fugiat nulla pariatur. Lorem ipsum dolor sit amet, consectetur adipiscing elit,…

]]></content:encoded>
		<excerpt:encoded><![CDATA[]]></excerpt:encoded>
		<wp:post_id>90</wp:post_id>
		<wp:post_date><![CDATA[2017-02-05 08:41:21]]></wp:post_date>
		<wp:post_date_gmt><![CDATA[2017-02-05 08:41:21]]></wp:post_date_gmt>
		<wp:comment_status><![CDATA[closed]]></wp:comment_status>
		<wp:ping_status><![CDATA[closed]]></wp:ping_status>
		<wp:post_name><![CDATA[easy-to-customized]]></wp:post_name>
		<wp:status><![CDATA[publish]]></wp:status>
		<wp:post_parent>0</wp:post_parent>
		<wp:menu_order>0</wp:menu_order>
		<wp:post_type><![CDATA[page]]></wp:post_type>
		<wp:post_password><![CDATA[]]></wp:post_password>
		<wp:is_sticky>0</wp:is_sticky>
		<wp:postmeta>
			<wp:meta_key><![CDATA[_edit_last]]></wp:meta_key>
			<wp:meta_value><![CDATA[1]]></wp:meta_value>
		</wp:postmeta>
		<wp:postmeta>
			<wp:meta_key><![CDATA[_thumbnail_id]]></wp:meta_key>
			<wp:meta_value><![CDATA[67]]></wp:meta_value>
		</wp:postmeta>
	</item>
	<item>
		<title>How do we develop quality code?</title>
		<link>https://demo.axlethemes.com/best-business/2017/02/05/how-do-we-develop-quality-code/</link>
		<pubDate>Sun, 05 Feb 2017 08:15:24 +0000</pubDate>
		<dc:creator><![CDATA[atsupervisor]]></dc:creator>
		<guid isPermaLink="false">http://demo.axlethemes.com/corporate-eye-pro/?p=22</guid>
		<description></description>
		<content:encoded><![CDATA[Many of our users ask us, how do we produce products that are normally bugless? Well, thats simple we just blend our knowledge and years of experience in our products.]]></content:encoded>
		<excerpt:encoded><![CDATA[]]></excerpt:encoded>
		<wp:post_id>99</wp:post_id>
		<wp:post_date><![CDATA[2017-02-05 08:15:24]]></wp:post_date>
		<wp:post_date_gmt><![CDATA[2017-02-05 08:15:24]]></wp:post_date_gmt>
		<wp:comment_status><![CDATA[open]]></wp:comment_status>
		<wp:ping_status><![CDATA[open]]></wp:ping_status>
		<wp:post_name><![CDATA[how-do-we-develop-quality-code]]></wp:post_name>
		<wp:status><![CDATA[publish]]></wp:status>
		<wp:post_parent>0</wp:post_parent>
		<wp:menu_order>0</wp:menu_order>
		<wp:post_type><![CDATA[post]]></wp:post_type>
		<wp:post_password><![CDATA[]]></wp:post_password>
		<wp:is_sticky>0</wp:is_sticky>
		<category domain="category" nicename="latest-news"><![CDATA[Latest News]]></category>
		<wp:postmeta>
			<wp:meta_key><![CDATA[_edit_last]]></wp:meta_key>
			<wp:meta_value><![CDATA[1]]></wp:meta_value>
		</wp:postmeta>
		<wp:postmeta>
			<wp:meta_key><![CDATA[_wp_old_slug]]></wp:meta_key>
			<wp:meta_value><![CDATA[latest-news-title]]></wp:meta_value>
		</wp:postmeta>
		<wp:postmeta>
			<wp:meta_key><![CDATA[_thumbnail_id]]></wp:meta_key>
			<wp:meta_value><![CDATA[138]]></wp:meta_value>
		</wp:postmeta>
	</item>
	<item>
		<title>A quality support</title>
		<link>https://demo.axlethemes.com/best-business/2017/01/05/a-quality-support/</link>
		<pubDate>Thu, 05 Jan 2017 08:16:18 +0000</pubDate>
		<dc:creator><![CDATA[atsupervisor]]></dc:creator>
		<guid isPermaLink="false">http://demo.axlethemes.com/corporate-eye-pro/?p=28</guid>
		<description></description>
		<content:encoded><![CDATA[We also try to provide quality support for our products. We have a team of happiness engineers to make your feel like home. Don't believe us? Just ask thousands of our happy customers out there.]]></content:encoded>
		<excerpt:encoded><![CDATA[]]></excerpt:encoded>
		<wp:post_id>100</wp:post_id>
		<wp:post_date><![CDATA[2017-01-05 08:16:18]]></wp:post_date>
		<wp:post_date_gmt><![CDATA[2017-01-05 08:16:18]]></wp:post_date_gmt>
		<wp:comment_status><![CDATA[open]]></wp:comment_status>
		<wp:ping_status><![CDATA[open]]></wp:ping_status>
		<wp:post_name><![CDATA[a-quality-support]]></wp:post_name>
		<wp:status><![CDATA[publish]]></wp:status>
		<wp:post_parent>0</wp:post_parent>
		<wp:menu_order>0</wp:menu_order>
		<wp:post_type><![CDATA[post]]></wp:post_type>
		<wp:post_password><![CDATA[]]></wp:post_password>
		<wp:is_sticky>0</wp:is_sticky>
		<category domain="category" nicename="latest-news"><![CDATA[Latest News]]></category>
		<wp:postmeta>
			<wp:meta_key><![CDATA[_edit_last]]></wp:meta_key>
			<wp:meta_value><![CDATA[1]]></wp:meta_value>
		</wp:postmeta>
		<wp:postmeta>
			<wp:meta_key><![CDATA[_thumbnail_id]]></wp:meta_key>
			<wp:meta_value><![CDATA[115]]></wp:meta_value>
		</wp:postmeta>
		<wp:postmeta>
			<wp:meta_key><![CDATA[_wp_old_slug]]></wp:meta_key>
			<wp:meta_value><![CDATA[latest-news-title-2]]></wp:meta_value>
		</wp:postmeta>
	</item>
	<item>
		<title>We carefully craft these beauties</title>
		<link>https://demo.axlethemes.com/best-business/2017/02/05/how-we-carefully-craft-these-beauties/</link>
		<pubDate>Sun, 05 Feb 2017 08:16:36 +0000</pubDate>
		<dc:creator><![CDATA[atsupervisor]]></dc:creator>
		<guid isPermaLink="false">http://demo.axlethemes.com/corporate-eye-pro/?p=29</guid>
		<description></description>
		<content:encoded><![CDATA[Each theme is carefully crafted to compete in the vigorous market today. We provide only the best and that is why, you will have no regrets when you create your website with one of our themes.]]></content:encoded>
		<excerpt:encoded><![CDATA[]]></excerpt:encoded>
		<wp:post_id>101</wp:post_id>
		<wp:post_date><![CDATA[2017-02-05 08:16:36]]></wp:post_date>
		<wp:post_date_gmt><![CDATA[2017-02-05 08:16:36]]></wp:post_date_gmt>
		<wp:comment_status><![CDATA[open]]></wp:comment_status>
		<wp:ping_status><![CDATA[open]]></wp:ping_status>
		<wp:post_name><![CDATA[how-we-carefully-craft-these-beauties]]></wp:post_name>
		<wp:status><![CDATA[publish]]></wp:status>
		<wp:post_parent>0</wp:post_parent>
		<wp:menu_order>0</wp:menu_order>
		<wp:post_type><![CDATA[post]]></wp:post_type>
		<wp:post_password><![CDATA[]]></wp:post_password>
		<wp:is_sticky>0</wp:is_sticky>
		<category domain="category" nicename="latest-news"><![CDATA[Latest News]]></category>
		<wp:postmeta>
			<wp:meta_key><![CDATA[_edit_last]]></wp:meta_key>
			<wp:meta_value><![CDATA[1]]></wp:meta_value>
		</wp:postmeta>
		<wp:postmeta>
			<wp:meta_key><![CDATA[_wp_old_slug]]></wp:meta_key>
			<wp:meta_value><![CDATA[latest-news-title-3]]></wp:meta_value>
		</wp:postmeta>
		<wp:postmeta>
			<wp:meta_key><![CDATA[_thumbnail_id]]></wp:meta_key>
			<wp:meta_value><![CDATA[360]]></wp:meta_value>
		</wp:postmeta>
	</item>
	<item>
		<title>We are a young agency</title>
		<link>https://demo.axlethemes.com/best-business/we-are-a-young-agency/</link>
		<pubDate>Wed, 16 Aug 2017 10:33:20 +0000</pubDate>
		<dc:creator><![CDATA[atsupervisor]]></dc:creator>
		<guid isPermaLink="false">https://demo.axlethemes.com/best-business-pro/?page_id=120</guid>
		<description></description>
		<content:encoded><![CDATA[Lorem ipsum dolor sit amet, consectetur adipiscing elit, sed do eiusmod tempor incididunt ut labore et dolore magna aliqua. Ut enim ad minim veniam, quis nostrud exercitation ullamco laboris nisi ut aliquip ex ea commodo consequat. Duis aute irure dolor in reprehenderit in voluptate velit esse cillum dolore eu fugiat nulla pariatur. Lorem ipsum dolor sit amet, consectetur adipiscing elit, sed do eiusmod tempor incididunt ut labore et dolore magna aliqua. Ut enim ad minim veniam, quis nostrud exercitation ullamco laboris nisi ut aliquip ex ea commodo consequat. Duis aute…]]></content:encoded>
		<excerpt:encoded><![CDATA[]]></excerpt:encoded>
		<wp:post_id>120</wp:post_id>
		<wp:post_date><![CDATA[2017-08-16 10:33:20]]></wp:post_date>
		<wp:post_date_gmt><![CDATA[2017-08-16 10:33:20]]></wp:post_date_gmt>
		<wp:comment_status><![CDATA[closed]]></wp:comment_status>
		<wp:ping_status><![CDATA[closed]]></wp:ping_status>
		<wp:post_name><![CDATA[we-are-a-young-agency]]></wp:post_name>
		<wp:status><![CDATA[publish]]></wp:status>
		<wp:post_parent>0</wp:post_parent>
		<wp:menu_order>0</wp:menu_order>
		<wp:post_type><![CDATA[page]]></wp:post_type>
		<wp:post_password><![CDATA[]]></wp:post_password>
		<wp:is_sticky>0</wp:is_sticky>
		<wp:postmeta>
			<wp:meta_key><![CDATA[_edit_last]]></wp:meta_key>
			<wp:meta_value><![CDATA[1]]></wp:meta_value>
		</wp:postmeta>
		<wp:postmeta>
			<wp:meta_key><![CDATA[_thumbnail_id]]></wp:meta_key>
			<wp:meta_value><![CDATA[115]]></wp:meta_value>
		</wp:postmeta>
	</item>
	<item>
		<title>Custom Widget Ready</title>
		<link>https://demo.axlethemes.com/best-business/custom-widget-ready/</link>
		<pubDate>Wed, 16 Aug 2017 10:39:41 +0000</pubDate>
		<dc:creator><![CDATA[atsupervisor]]></dc:creator>
		<guid isPermaLink="false">https://demo.axlethemes.com/best-business-pro/?page_id=123</guid>
		<description></description>
		<content:encoded><![CDATA[Nam nisl ex, pellentesque eget lorem eget, dignissim lobortis nisi. Curabitur elit elit, condimentum non lacus sed, elementum pellentesque mi. Fusce eget accumsan elit. Integer euismod libero a tellus tincidunt venenatis. Vivamus sit amet neque id mauris lacinia consequat vel ac orci. Suspendisse posuere velit eu pellentesque vestibulum. Vestibulum sit amet nibh ut nisl luctus facilisis. Vestibulum et posuere massa, ut luctus enim. In id ex dui. Mauris elementum mauris ut mauris luctus gravida. Morbi fermentum mauris sollicitudin scelerisque euismod. Nulla tincidunt suscipit accumsan.]]></content:encoded>
		<excerpt:encoded><![CDATA[]]></excerpt:encoded>
		<wp:post_id>123</wp:post_id>
		<wp:post_date><![CDATA[2017-08-16 10:39:41]]></wp:post_date>
		<wp:post_date_gmt><![CDATA[2017-08-16 10:39:41]]></wp:post_date_gmt>
		<wp:comment_status><![CDATA[closed]]></wp:comment_status>
		<wp:ping_status><![CDATA[closed]]></wp:ping_status>
		<wp:post_name><![CDATA[custom-widget-ready]]></wp:post_name>
		<wp:status><![CDATA[publish]]></wp:status>
		<wp:post_parent>0</wp:post_parent>
		<wp:menu_order>0</wp:menu_order>
		<wp:post_type><![CDATA[page]]></wp:post_type>
		<wp:post_password><![CDATA[]]></wp:post_password>
		<wp:is_sticky>0</wp:is_sticky>
		<wp:postmeta>
			<wp:meta_key><![CDATA[_edit_last]]></wp:meta_key>
			<wp:meta_value><![CDATA[1]]></wp:meta_value>
		</wp:postmeta>
		<wp:postmeta>
			<wp:meta_key><![CDATA[_thumbnail_id]]></wp:meta_key>
			<wp:meta_value><![CDATA[287]]></wp:meta_value>
		</wp:postmeta>
	</item>
	<item>
		<title>Top Notch Support</title>
		<link>https://demo.axlethemes.com/best-business/top-notch-support/</link>
		<pubDate>Wed, 16 Aug 2017 10:39:52 +0000</pubDate>
		<dc:creator><![CDATA[atsupervisor]]></dc:creator>
		<guid isPermaLink="false">https://demo.axlethemes.com/best-business-pro/?page_id=124</guid>
		<description></description>
		<content:encoded><![CDATA[Nam nisl ex, pellentesque eget lorem eget, dignissim lobortis nisi. Curabitur elit elit, condimentum non lacus sed, elementum pellentesque mi. Fusce eget accumsan elit. Integer euismod libero a tellus tincidunt venenatis. Vivamus sit amet neque id mauris lacinia consequat vel ac orci. Suspendisse posuere velit eu pellentesque vestibulum. Vestibulum sit amet nibh ut nisl luctus facilisis. Vestibulum et posuere massa, ut luctus enim. In id ex dui. Mauris elementum mauris ut mauris luctus gravida. Morbi fermentum mauris sollicitudin scelerisque euismod. Nulla tincidunt suscipit accumsan.

]]></content:encoded>
		<excerpt:encoded><![CDATA[]]></excerpt:encoded>
		<wp:post_id>124</wp:post_id>
		<wp:post_date><![CDATA[2017-08-16 10:39:52]]></wp:post_date>
		<wp:post_date_gmt><![CDATA[2017-08-16 10:39:52]]></wp:post_date_gmt>
		<wp:comment_status><![CDATA[closed]]></wp:comment_status>
		<wp:ping_status><![CDATA[closed]]></wp:ping_status>
		<wp:post_name><![CDATA[top-notch-support]]></wp:post_name>
		<wp:status><![CDATA[publish]]></wp:status>
		<wp:post_parent>0</wp:post_parent>
		<wp:menu_order>0</wp:menu_order>
		<wp:post_type><![CDATA[page]]></wp:post_type>
		<wp:post_password><![CDATA[]]></wp:post_password>
		<wp:is_sticky>0</wp:is_sticky>
		<wp:postmeta>
			<wp:meta_key><![CDATA[_edit_last]]></wp:meta_key>
			<wp:meta_value><![CDATA[1]]></wp:meta_value>
		</wp:postmeta>
		<wp:postmeta>
			<wp:meta_key><![CDATA[_thumbnail_id]]></wp:meta_key>
			<wp:meta_value><![CDATA[115]]></wp:meta_value>
		</wp:postmeta>
	</item>
	<item>
		<title>Multipurpose WordPress Theme</title>
		<link>https://demo.axlethemes.com/best-business/multipurpose-wordpress-theme/</link>
		<pubDate>Wed, 16 Aug 2017 16:49:00 +0000</pubDate>
		<dc:creator><![CDATA[atsupervisor]]></dc:creator>
		<guid isPermaLink="false">https://demo.axlethemes.com/best-business/?page_id=245</guid>
		<description></description>
		<content:encoded><![CDATA[Lorem ipsum dolor sit amet, consectetur adipiscing elit. Morbi tincidunt elit nisi, et ultricies erat commodo sed. Duis fringilla turpis in lobortis ullamcorper.]]></content:encoded>
		<excerpt:encoded><![CDATA[]]></excerpt:encoded>
		<wp:post_id>245</wp:post_id>
		<wp:post_date><![CDATA[2017-08-16 16:49:00]]></wp:post_date>
		<wp:post_date_gmt><![CDATA[2017-08-16 16:49:00]]></wp:post_date_gmt>
		<wp:comment_status><![CDATA[closed]]></wp:comment_status>
		<wp:ping_status><![CDATA[closed]]></wp:ping_status>
		<wp:post_name><![CDATA[multipurpose-wordpress-theme]]></wp:post_name>
		<wp:status><![CDATA[publish]]></wp:status>
		<wp:post_parent>0</wp:post_parent>
		<wp:menu_order>0</wp:menu_order>
		<wp:post_type><![CDATA[page]]></wp:post_type>
		<wp:post_password><![CDATA[]]></wp:post_password>
		<wp:is_sticky>0</wp:is_sticky>
		<wp:postmeta>
			<wp:meta_key><![CDATA[_edit_last]]></wp:meta_key>
			<wp:meta_value><![CDATA[1]]></wp:meta_value>
		</wp:postmeta>
		<wp:postmeta>
			<wp:meta_key><![CDATA[_thumbnail_id]]></wp:meta_key>
			<wp:meta_value><![CDATA[61]]></wp:meta_value>
		</wp:postmeta>
	</item>
	<item>
		<title>Amazing WordPress Theme</title>
		<link>https://demo.axlethemes.com/best-business/amazing-wordpress-theme/</link>
		<pubDate>Mon, 21 Aug 2017 08:31:45 +0000</pubDate>
		<dc:creator><![CDATA[atsupervisor]]></dc:creator>
		<guid isPermaLink="false">https://demo.axlethemes.com/best-business/?page_id=252</guid>
		<description></description>
		<content:encoded><![CDATA[Lorem ipsum dolor sit amet, consectetur adipiscing elit. Morbi tincidunt elit nisi, et ultricies erat commodo sed. Duis fringilla turpis in lobortis ullamcorper.
]]></content:encoded>
		<excerpt:encoded><![CDATA[]]></excerpt:encoded>
		<wp:post_id>252</wp:post_id>
		<wp:post_date><![CDATA[2017-08-21 08:31:45]]></wp:post_date>
		<wp:post_date_gmt><![CDATA[2017-08-21 08:31:45]]></wp:post_date_gmt>
		<wp:comment_status><![CDATA[closed]]></wp:comment_status>
		<wp:ping_status><![CDATA[closed]]></wp:ping_status>
		<wp:post_name><![CDATA[amazing-wordpress-theme]]></wp:post_name>
		<wp:status><![CDATA[publish]]></wp:status>
		<wp:post_parent>0</wp:post_parent>
		<wp:menu_order>0</wp:menu_order>
		<wp:post_type><![CDATA[page]]></wp:post_type>
		<wp:post_password><![CDATA[]]></wp:post_password>
		<wp:is_sticky>0</wp:is_sticky>
		<wp:postmeta>
			<wp:meta_key><![CDATA[_edit_last]]></wp:meta_key>
			<wp:meta_value><![CDATA[1]]></wp:meta_value>
		</wp:postmeta>
		<wp:postmeta>
			<wp:meta_key><![CDATA[_thumbnail_id]]></wp:meta_key>
			<wp:meta_value><![CDATA[62]]></wp:meta_value>
		</wp:postmeta>
	</item>
	<item>
		<title>Multipurpose WordPress Theme</title>
		<link>https://demo.axlethemes.com/best-business/2017/01/29/multipurpose-wordpress-theme/</link>
		<pubDate>Sun, 29 Jan 2017 04:06:08 +0000</pubDate>
		<dc:creator><![CDATA[atsupervisor]]></dc:creator>
		<guid isPermaLink="false">https://demo.axlethemes.com/best-business/?p=277</guid>
		<description></description>
		<content:encoded><![CDATA[Each theme is carefully crafted to compete in the vigorous market today. We provide only the best and that is why, you will have no regrets when you create your website with one of our themes.]]></content:encoded>
		<excerpt:encoded><![CDATA[]]></excerpt:encoded>
		<wp:post_id>277</wp:post_id>
		<wp:post_date><![CDATA[2017-01-29 04:06:08]]></wp:post_date>
		<wp:post_date_gmt><![CDATA[2017-01-29 04:06:08]]></wp:post_date_gmt>
		<wp:comment_status><![CDATA[open]]></wp:comment_status>
		<wp:ping_status><![CDATA[open]]></wp:ping_status>
		<wp:post_name><![CDATA[multipurpose-wordpress-theme]]></wp:post_name>
		<wp:status><![CDATA[publish]]></wp:status>
		<wp:post_parent>0</wp:post_parent>
		<wp:menu_order>0</wp:menu_order>
		<wp:post_type><![CDATA[post]]></wp:post_type>
		<wp:post_password><![CDATA[]]></wp:post_password>
		<wp:is_sticky>0</wp:is_sticky>
		<category domain="category" nicename="popular-news"><![CDATA[Popular News]]></category>
		<wp:postmeta>
			<wp:meta_key><![CDATA[_edit_last]]></wp:meta_key>
			<wp:meta_value><![CDATA[1]]></wp:meta_value>
		</wp:postmeta>
		<wp:postmeta>
			<wp:meta_key><![CDATA[_thumbnail_id]]></wp:meta_key>
			<wp:meta_value><![CDATA[138]]></wp:meta_value>
		</wp:postmeta>
	</item>
	<item>
		<title>We are a young agency</title>
		<link>https://demo.axlethemes.com/best-business/2017/08/29/we-are-a-young-agency/</link>
		<pubDate>Tue, 29 Aug 2017 04:07:24 +0000</pubDate>
		<dc:creator><![CDATA[atsupervisor]]></dc:creator>
		<guid isPermaLink="false">https://demo.axlethemes.com/best-business/?p=281</guid>
		<description></description>
		<content:encoded><![CDATA[Each theme is carefully crafted to compete in the vigorous market today. We provide only the best and that is why, you will have no regrets when you create your website with one of our themes.]]></content:encoded>
		<excerpt:encoded><![CDATA[]]></excerpt:encoded>
		<wp:post_id>281</wp:post_id>
		<wp:post_date><![CDATA[2017-08-29 04:07:24]]></wp:post_date>
		<wp:post_date_gmt><![CDATA[2017-08-29 04:07:24]]></wp:post_date_gmt>
		<wp:comment_status><![CDATA[open]]></wp:comment_status>
		<wp:ping_status><![CDATA[open]]></wp:ping_status>
		<wp:post_name><![CDATA[we-are-a-young-agency]]></wp:post_name>
		<wp:status><![CDATA[publish]]></wp:status>
		<wp:post_parent>0</wp:post_parent>
		<wp:menu_order>0</wp:menu_order>
		<wp:post_type><![CDATA[post]]></wp:post_type>
		<wp:post_password><![CDATA[]]></wp:post_password>
		<wp:is_sticky>0</wp:is_sticky>
		<category domain="category" nicename="popular-news"><![CDATA[Popular News]]></category>
		<wp:postmeta>
			<wp:meta_key><![CDATA[_edit_last]]></wp:meta_key>
			<wp:meta_value><![CDATA[1]]></wp:meta_value>
		</wp:postmeta>
		<wp:postmeta>
			<wp:meta_key><![CDATA[_thumbnail_id]]></wp:meta_key>
			<wp:meta_value><![CDATA[360]]></wp:meta_value>
		</wp:postmeta>
	</item>
	<item>
		<title></title>
		<link>https://demo.axlethemes.com/best-business/2017/09/12/330/</link>
		<pubDate>Tue, 12 Sep 2017 03:48:44 +0000</pubDate>
		<dc:creator><![CDATA[atsupervisor]]></dc:creator>
		<guid isPermaLink="false">https://demo.axlethemes.com/best-business/2017/09/12/330/</guid>
		<description></description>
		<content:encoded><![CDATA[ ]]></content:encoded>
		<excerpt:encoded><![CDATA[]]></excerpt:encoded>
		<wp:post_id>330</wp:post_id>
		<wp:post_date><![CDATA[2017-09-12 03:48:44]]></wp:post_date>
		<wp:post_date_gmt><![CDATA[2017-09-12 03:48:44]]></wp:post_date_gmt>
		<wp:comment_status><![CDATA[closed]]></wp:comment_status>
		<wp:ping_status><![CDATA[closed]]></wp:ping_status>
		<wp:post_name><![CDATA[330]]></wp:post_name>
		<wp:status><![CDATA[publish]]></wp:status>
		<wp:post_parent>0</wp:post_parent>
		<wp:menu_order>5</wp:menu_order>
		<wp:post_type><![CDATA[nav_menu_item]]></wp:post_type>
		<wp:post_password><![CDATA[]]></wp:post_password>
		<wp:is_sticky>0</wp:is_sticky>
		<category domain="nav_menu" nicename="main-menu"><![CDATA[Main Menu]]></category>
		<wp:postmeta>
			<wp:meta_key><![CDATA[_menu_item_type]]></wp:meta_key>
			<wp:meta_value><![CDATA[post_type]]></wp:meta_value>
		</wp:postmeta>
		<wp:postmeta>
			<wp:meta_key><![CDATA[_menu_item_menu_item_parent]]></wp:meta_key>
			<wp:meta_value><![CDATA[329]]></wp:meta_value>
		</wp:postmeta>
		<wp:postmeta>
			<wp:meta_key><![CDATA[_menu_item_object_id]]></wp:meta_key>
			<wp:meta_value><![CDATA[90]]></wp:meta_value>
		</wp:postmeta>
		<wp:postmeta>
			<wp:meta_key><![CDATA[_menu_item_object]]></wp:meta_key>
			<wp:meta_value><![CDATA[page]]></wp:meta_value>
		</wp:postmeta>
		<wp:postmeta>
			<wp:meta_key><![CDATA[_menu_item_target]]></wp:meta_key>
			<wp:meta_value><![CDATA[]]></wp:meta_value>
		</wp:postmeta>
		<wp:postmeta>
			<wp:meta_key><![CDATA[_menu_item_classes]]></wp:meta_key>
			<wp:meta_value><![CDATA[a:1:{i:0;s:0:"";}]]></wp:meta_value>
		</wp:postmeta>
		<wp:postmeta>
			<wp:meta_key><![CDATA[_menu_item_xfn]]></wp:meta_key>
			<wp:meta_value><![CDATA[]]></wp:meta_value>
		</wp:postmeta>
		<wp:postmeta>
			<wp:meta_key><![CDATA[_menu_item_url]]></wp:meta_key>
			<wp:meta_value><![CDATA[]]></wp:meta_value>
		</wp:postmeta>
	</item>
	<item>
		<title>Facebook</title>
		<link>https://demo.axlethemes.com/best-business/2017/09/12/facebook-2/</link>
		<pubDate>Tue, 12 Sep 2017 04:33:52 +0000</pubDate>
		<dc:creator><![CDATA[atsupervisor]]></dc:creator>
		<guid isPermaLink="false">https://demo.axlethemes.com/best-business/2017/09/12/facebook-2/</guid>
		<description></description>
		<content:encoded><![CDATA[]]></content:encoded>
		<excerpt:encoded><![CDATA[]]></excerpt:encoded>
		<wp:post_id>353</wp:post_id>
		<wp:post_date><![CDATA[2017-09-12 04:33:52]]></wp:post_date>
		<wp:post_date_gmt><![CDATA[2017-09-12 04:33:52]]></wp:post_date_gmt>
		<wp:comment_status><![CDATA[closed]]></wp:comment_status>
		<wp:ping_status><![CDATA[closed]]></wp:ping_status>
		<wp:post_name><![CDATA[facebook-2]]></wp:post_name>
		<wp:status><![CDATA[publish]]></wp:status>
		<wp:post_parent>0</wp:post_parent>
		<wp:menu_order>1</wp:menu_order>
		<wp:post_type><![CDATA[nav_menu_item]]></wp:post_type>
		<wp:post_password><![CDATA[]]></wp:post_password>
		<wp:is_sticky>0</wp:is_sticky>
		<category domain="nav_menu" nicename="social-menu"><![CDATA[Social Menu]]></category>
		<wp:postmeta>
			<wp:meta_key><![CDATA[_menu_item_type]]></wp:meta_key>
			<wp:meta_value><![CDATA[custom]]></wp:meta_value>
		</wp:postmeta>
		<wp:postmeta>
			<wp:meta_key><![CDATA[_menu_item_menu_item_parent]]></wp:meta_key>
			<wp:meta_value><![CDATA[0]]></wp:meta_value>
		</wp:postmeta>
		<wp:postmeta>
			<wp:meta_key><![CDATA[_menu_item_object_id]]></wp:meta_key>
			<wp:meta_value><![CDATA[353]]></wp:meta_value>
		</wp:postmeta>
		<wp:postmeta>
			<wp:meta_key><![CDATA[_menu_item_object]]></wp:meta_key>
			<wp:meta_value><![CDATA[custom]]></wp:meta_value>
		</wp:postmeta>
		<wp:postmeta>
			<wp:meta_key><![CDATA[_menu_item_target]]></wp:meta_key>
			<wp:meta_value><![CDATA[]]></wp:meta_value>
		</wp:postmeta>
		<wp:postmeta>
			<wp:meta_key><![CDATA[_menu_item_classes]]></wp:meta_key>
			<wp:meta_value><![CDATA[a:1:{i:0;s:0:"";}]]></wp:meta_value>
		</wp:postmeta>
		<wp:postmeta>
			<wp:meta_key><![CDATA[_menu_item_xfn]]></wp:meta_key>
			<wp:meta_value><![CDATA[]]></wp:meta_value>
		</wp:postmeta>
		<wp:postmeta>
			<wp:meta_key><![CDATA[_menu_item_url]]></wp:meta_key>
			<wp:meta_value><![CDATA[http://facebook.com]]></wp:meta_value>
		</wp:postmeta>
	</item>
	<item>
		<title>Twitter</title>
		<link>https://demo.axlethemes.com/best-business/2017/09/12/twitter-2/</link>
		<pubDate>Tue, 12 Sep 2017 04:33:52 +0000</pubDate>
		<dc:creator><![CDATA[atsupervisor]]></dc:creator>
		<guid isPermaLink="false">https://demo.axlethemes.com/best-business/2017/09/12/twitter-2/</guid>
		<description></description>
		<content:encoded><![CDATA[]]></content:encoded>
		<excerpt:encoded><![CDATA[]]></excerpt:encoded>
		<wp:post_id>354</wp:post_id>
		<wp:post_date><![CDATA[2017-09-12 04:33:52]]></wp:post_date>
		<wp:post_date_gmt><![CDATA[2017-09-12 04:33:52]]></wp:post_date_gmt>
		<wp:comment_status><![CDATA[closed]]></wp:comment_status>
		<wp:ping_status><![CDATA[closed]]></wp:ping_status>
		<wp:post_name><![CDATA[twitter-2]]></wp:post_name>
		<wp:status><![CDATA[publish]]></wp:status>
		<wp:post_parent>0</wp:post_parent>
		<wp:menu_order>2</wp:menu_order>
		<wp:post_type><![CDATA[nav_menu_item]]></wp:post_type>
		<wp:post_password><![CDATA[]]></wp:post_password>
		<wp:is_sticky>0</wp:is_sticky>
		<category domain="nav_menu" nicename="social-menu"><![CDATA[Social Menu]]></category>
		<wp:postmeta>
			<wp:meta_key><![CDATA[_menu_item_type]]></wp:meta_key>
			<wp:meta_value><![CDATA[custom]]></wp:meta_value>
		</wp:postmeta>
		<wp:postmeta>
			<wp:meta_key><![CDATA[_menu_item_menu_item_parent]]></wp:meta_key>
			<wp:meta_value><![CDATA[0]]></wp:meta_value>
		</wp:postmeta>
		<wp:postmeta>
			<wp:meta_key><![CDATA[_menu_item_object_id]]></wp:meta_key>
			<wp:meta_value><![CDATA[354]]></wp:meta_value>
		</wp:postmeta>
		<wp:postmeta>
			<wp:meta_key><![CDATA[_menu_item_object]]></wp:meta_key>
			<wp:meta_value><![CDATA[custom]]></wp:meta_value>
		</wp:postmeta>
		<wp:postmeta>
			<wp:meta_key><![CDATA[_menu_item_target]]></wp:meta_key>
			<wp:meta_value><![CDATA[]]></wp:meta_value>
		</wp:postmeta>
		<wp:postmeta>
			<wp:meta_key><![CDATA[_menu_item_classes]]></wp:meta_key>
			<wp:meta_value><![CDATA[a:1:{i:0;s:0:"";}]]></wp:meta_value>
		</wp:postmeta>
		<wp:postmeta>
			<wp:meta_key><![CDATA[_menu_item_xfn]]></wp:meta_key>
			<wp:meta_value><![CDATA[]]></wp:meta_value>
		</wp:postmeta>
		<wp:postmeta>
			<wp:meta_key><![CDATA[_menu_item_url]]></wp:meta_key>
			<wp:meta_value><![CDATA[http://twitter.com]]></wp:meta_value>
		</wp:postmeta>
	</item>
	<item>
		<title>Linkedin</title>
		<link>https://demo.axlethemes.com/best-business/2017/09/12/linkedin/</link>
		<pubDate>Tue, 12 Sep 2017 04:33:52 +0000</pubDate>
		<dc:creator><![CDATA[atsupervisor]]></dc:creator>
		<guid isPermaLink="false">https://demo.axlethemes.com/best-business/2017/09/12/linkedin/</guid>
		<description></description>
		<content:encoded><![CDATA[]]></content:encoded>
		<excerpt:encoded><![CDATA[]]></excerpt:encoded>
		<wp:post_id>355</wp:post_id>
		<wp:post_date><![CDATA[2017-09-12 04:33:52]]></wp:post_date>
		<wp:post_date_gmt><![CDATA[2017-09-12 04:33:52]]></wp:post_date_gmt>
		<wp:comment_status><![CDATA[closed]]></wp:comment_status>
		<wp:ping_status><![CDATA[closed]]></wp:ping_status>
		<wp:post_name><![CDATA[linkedin]]></wp:post_name>
		<wp:status><![CDATA[publish]]></wp:status>
		<wp:post_parent>0</wp:post_parent>
		<wp:menu_order>3</wp:menu_order>
		<wp:post_type><![CDATA[nav_menu_item]]></wp:post_type>
		<wp:post_password><![CDATA[]]></wp:post_password>
		<wp:is_sticky>0</wp:is_sticky>
		<category domain="nav_menu" nicename="social-menu"><![CDATA[Social Menu]]></category>
		<wp:postmeta>
			<wp:meta_key><![CDATA[_menu_item_type]]></wp:meta_key>
			<wp:meta_value><![CDATA[custom]]></wp:meta_value>
		</wp:postmeta>
		<wp:postmeta>
			<wp:meta_key><![CDATA[_menu_item_menu_item_parent]]></wp:meta_key>
			<wp:meta_value><![CDATA[0]]></wp:meta_value>
		</wp:postmeta>
		<wp:postmeta>
			<wp:meta_key><![CDATA[_menu_item_object_id]]></wp:meta_key>
			<wp:meta_value><![CDATA[355]]></wp:meta_value>
		</wp:postmeta>
		<wp:postmeta>
			<wp:meta_key><![CDATA[_menu_item_object]]></wp:meta_key>
			<wp:meta_value><![CDATA[custom]]></wp:meta_value>
		</wp:postmeta>
		<wp:postmeta>
			<wp:meta_key><![CDATA[_menu_item_target]]></wp:meta_key>
			<wp:meta_value><![CDATA[]]></wp:meta_value>
		</wp:postmeta>
		<wp:postmeta>
			<wp:meta_key><![CDATA[_menu_item_classes]]></wp:meta_key>
			<wp:meta_value><![CDATA[a:1:{i:0;s:0:"";}]]></wp:meta_value>
		</wp:postmeta>
		<wp:postmeta>
			<wp:meta_key><![CDATA[_menu_item_xfn]]></wp:meta_key>
			<wp:meta_value><![CDATA[]]></wp:meta_value>
		</wp:postmeta>
		<wp:postmeta>
			<wp:meta_key><![CDATA[_menu_item_url]]></wp:meta_key>
			<wp:meta_value><![CDATA[http://linkedin.com]]></wp:meta_value>
		</wp:postmeta>
	</item>
	<item>
		<title>WordPress</title>
		<link>https://demo.axlethemes.com/best-business/2017/09/12/wordpress/</link>
		<pubDate>Tue, 12 Sep 2017 04:33:52 +0000</pubDate>
		<dc:creator><![CDATA[atsupervisor]]></dc:creator>
		<guid isPermaLink="false">https://demo.axlethemes.com/best-business/2017/09/12/wordpress/</guid>
		<description></description>
		<content:encoded><![CDATA[]]></content:encoded>
		<excerpt:encoded><![CDATA[]]></excerpt:encoded>
		<wp:post_id>356</wp:post_id>
		<wp:post_date><![CDATA[2017-09-12 04:33:52]]></wp:post_date>
		<wp:post_date_gmt><![CDATA[2017-09-12 04:33:52]]></wp:post_date_gmt>
		<wp:comment_status><![CDATA[closed]]></wp:comment_status>
		<wp:ping_status><![CDATA[closed]]></wp:ping_status>
		<wp:post_name><![CDATA[wordpress]]></wp:post_name>
		<wp:status><![CDATA[publish]]></wp:status>
		<wp:post_parent>0</wp:post_parent>
		<wp:menu_order>4</wp:menu_order>
		<wp:post_type><![CDATA[nav_menu_item]]></wp:post_type>
		<wp:post_password><![CDATA[]]></wp:post_password>
		<wp:is_sticky>0</wp:is_sticky>
		<category domain="nav_menu" nicename="social-menu"><![CDATA[Social Menu]]></category>
		<wp:postmeta>
			<wp:meta_key><![CDATA[_menu_item_type]]></wp:meta_key>
			<wp:meta_value><![CDATA[custom]]></wp:meta_value>
		</wp:postmeta>
		<wp:postmeta>
			<wp:meta_key><![CDATA[_menu_item_menu_item_parent]]></wp:meta_key>
			<wp:meta_value><![CDATA[0]]></wp:meta_value>
		</wp:postmeta>
		<wp:postmeta>
			<wp:meta_key><![CDATA[_menu_item_object_id]]></wp:meta_key>
			<wp:meta_value><![CDATA[356]]></wp:meta_value>
		</wp:postmeta>
		<wp:postmeta>
			<wp:meta_key><![CDATA[_menu_item_object]]></wp:meta_key>
			<wp:meta_value><![CDATA[custom]]></wp:meta_value>
		</wp:postmeta>
		<wp:postmeta>
			<wp:meta_key><![CDATA[_menu_item_target]]></wp:meta_key>
			<wp:meta_value><![CDATA[]]></wp:meta_value>
		</wp:postmeta>
		<wp:postmeta>
			<wp:meta_key><![CDATA[_menu_item_classes]]></wp:meta_key>
			<wp:meta_value><![CDATA[a:1:{i:0;s:0:"";}]]></wp:meta_value>
		</wp:postmeta>
		<wp:postmeta>
			<wp:meta_key><![CDATA[_menu_item_xfn]]></wp:meta_key>
			<wp:meta_value><![CDATA[]]></wp:meta_value>
		</wp:postmeta>
		<wp:postmeta>
			<wp:meta_key><![CDATA[_menu_item_url]]></wp:meta_key>
			<wp:meta_value><![CDATA[http://wordpress.org]]></wp:meta_value>
		</wp:postmeta>
	</item>
</channel>
</rss>
